Time	statistics.connectTime (0)	statistics.connectTime (1)	statistics.connectTime (2)	PeerNetwork.retries (0)	PeerNetwork.retries (1)	PeerNetwork.retries (2)
20240528215315	2303.9000000059605	2440.2000000178814	0	0	0	0	ok
20240528215327	1036.4000000059605	1177	0	0	0	0	ok
20240528215336	0	998.7999999821186	1169.1000000238419	0	0	0	ok
20240528215345	1035.6000000238419	0	1160.199999988079	0	0	0	ok
20240528215354	0	1145.5999999940395	1265.800000011921	0	0	0	ok
20240528215403	0	1126.6000000238419	1001.6999999880791	0	0	0	ok
20240528215413	5644.199999988079	5494.799999982119	0	0	0	0	ok
20240528215427	1198	1040.800000011921	0	0	0	0	ok
20240528215436	1220.9000000059605	1051.699999988079	0	0	0	0	ok
20240528215445	1311.1000000238419	1109	0	0	0	0	ok
20240528215454	0	1158.199999988079	1283.6000000238419	0	0	0	ok
20240528215503	1199.9000000059605	0	997.6999999880791	0	0	0	ok
20240528215512	1044.0999999940395	0	1142	0	0	0	ok
20240528215522	1185.9000000059605	0	1015.8000000119209	0	0	0	ok
20240528215531	1189.6000000238419	0	1001.5	0	0	0	ok
20240528215540	0	1158.2999999821186	1017.2000000178814	0	0	0	ok
20240528215549	0	1027.5999999940395	1178.5	0	0	0	ok
20240528215558	1082.300000011921	1200.699999988079	0	0	0	0	ok
20240528215607	1212	0	989.5999999940395	0	0	0	ok
20240528215616	1207.9000000059605	1028.3999999761581	0	0	0	0	ok
20240528215626	1033.699999988079	1358.4000000059605	0	0	0	0	ok
20240528215635	1179.800000011921	1063.800000011921	0	0	0	0	ok
20240528215644	1199.7000000178814	1030.1000000238419	0	0	0	0	ok
20240528215653	1047.0999999940395	1167.5	0	0	0	0	ok
20240528215702	1249.0999999940395	1090.699999988079	0	0	0	0	ok
20240528215712	1083	1214.7999999821186	0	0	0	0	ok
20240528215721	1057.2000000178814	1198.4000000059605	0	0	0	0	ok
20240528215730	0	1076.6000000238419	1215.4000000059605	0	0	0	ok
20240528215739	1093.199999988079	1161.5999999940395	0	0	0	0	ok
20240528215749	0	1444.1000000238419	1019.8000000119209	0	0	0	ok
20240528215758	1254.0999999940395	0	1018.2000000178814	0	0	0	ok
20240528215808	1077.5999999940395	1222.2000000178814	0	0	0	0	ok
20240528215817	1282.5999999940395	0	1160.300000011921	0	0	0	ok
20240528215826	1362.4000000059605	0	1408.699999988079	0	0	0	ok
20240528215836	1307.3999999761581	0	1461.800000011921	0	0	0	ok
20240528215846	1492.7000000178814	1534.5	0	0	0	0	ok
20240528215855	0	1774.0999999940395	982.5	0	0	0	ok
20240528215904	0	1589.800000011921	1426.7999999821186	0	0	0	ok
20240528215914	2599.699999988079	0	2433.5	0	0	0	ok
20240528215926	0	1511.800000011921	1618.9000000059605	0	0	0	ok
20240528215936	1265.0999999940395	1420.699999988079	0	0	0	0	ok
20240528215945	1597.5	1520.699999988079	0	0	0	0	ok
20240528215955	2241.699999988079	1069.4000000059605	0	0	0	0	ok
20240528220004	1319.300000011921	1242.5999999940395	0	0	0	0	ok
20240528220014	1343.7999999821186	0	1373.5	0	0	0	ok
20240528220023	2813.100000023842	0	2660.5	0	0	0	ok
20240528220035	0	1460.300000011921	1255.8999999761581	0	0	0	ok
20240528220045	2676	2468.4000000059605	0	0	0	0	ok
20240528220057	0	6080.199999988079	6133.5	0	1	1	ok
20240528220111	1445.0999999940395	0	1264.3999999761581	0	0	0	ok
20240528220121	1372.0999999940395	1501.7000000178814	0	0	0	0	ok
20240528220130	0	6311.9000000059605	1170.1000000238419	0	1	0	ok
20240528220144	11829.200000017881	0	1229.199999988079	2	0	0	ok
20240528220204	1818.199999988079	0	1364.7999999821186	0	0	0	ok
20240528220214	13140.699999988079	2693.5	0	2	0	0	ok
20240528220236	11301.40000000596	11803.299999982119	0	2	3	0	ok
20240528220256	31050.09999999404	0	11446	6	0	3	ok
20240528220336	1772.2000000178814	1023.3000000119209	0	0	0	0	ok
20240528220345	1416.800000011921	1251.2999999821186	0	0	0	0	ok
20240528220355	1198.4000000059605	1586.9000000059605	0	0	0	0	ok
20240528220404	0	1064.6000000238419	11678.40000000596	0	0	4	ok
20240528220424	6109.4000000059605	6181.799999982119	0	1	1	0	ok
20240528220439	1448.2999999821186	1018.7999999821186	0	0	0	0	ok
20240528220448	11630.90000000596	11125.59999999404	0	2	2	0	ok
20240528220508	1347.300000011921	0	1372.7000000178814	0	0	0	ok
20240528220517	1184.5	0	1321.0999999940395	0	0	0	ok
20240528220527	11318.300000011921	1168.2000000178814	0	2	0	0	ok
20240528220546	1042.4000000059605	0	1387.2000000178814	0	0	0	ok
20240528220556	1289.5999999940395	1767.7000000178814	0	0	0	0	ok
20240528220605	11048.5	0	6455.100000023842	2	0	1	ok
20240528220625	11805.199999988079	1368.699999988079	0	2	0	0	ok
20240528220645	0	6057.4000000059605	1714.5999999940395	0	1	0	ok
20240528220659	2902.9000000059605	2153.800000011921	0	0	0	0	ok
20240528220711	1087.8999999761581	0	6751.5	0	0	1	ok
20240528220726	1097	6490.4000000059605	0	0	1	0	ok
20240528220740	0	7275.299999982119	2916.600000023842	0	1	0	ok
20240528220755	0	1816.0999999940395	1001.5	0	0	0	ok
20240528220805	1506.5999999940395	0	6322.699999988079	0	0	1	ok
20240528220819	1049.5999999940395	11796.5	0	0	2	0	ok
20240528220839	0	1012.0999999940395	1697.9000000059605	0	0	0	ok
20240528220848	6170	0	10972.100000023842	1	0	2	ok
20240528220908	1819.4000000059605	1373.800000011921	0	0	0	0	ok
20240528220917	0	1049.9000000059605	26424.59999999404	0	0	5	ok
20240528220952	1628.699999988079	0	11663.5	0	0	2	ok
20240528221012	6402.5	0	11641.59999999404	1	0	2	ok
20240528221031	0	1736.4000000059605	11237.59999999404	0	0	2	ok
20240528221051	26402.80000001192	0	5985.5	5	0	1	ok
20240528221126	2788.399999976158	0	2813.9000000059605	0	0	0	ok
20240528221138	1031.9000000059605	0	11657.90000000596	0	0	2	ok
20240528221158	1364.199999988079	0	6134.5999999940395	0	0	1	ok
20240528221212	1062.4000000059605	0	1729	0	0	0	ok
20240528221222	1037.7999999821186	0	1367.8999999761581	0	0	0	ok
20240528221231	0	6042.199999988079	5898.899999976158	0	0	0	ok
20240528221246	0	1680.5999999940395	1586.800000011921	0	0	0	ok
20240528221255	1751.800000011921	1709.800000011921	0	0	0	0	ok
20240528221305	0	1642.7999999821186	6175.5	0	0	1	ok
20240528221319	0	1271.199999988079	1719.5	0	0	0	ok
20240528221329	1471.4000000059605	1038	0	0	0	0	ok
20240528221338	0	1783.5	973.5	0	0	0	ok
20240528221348	1659.2000000178814	0	1676.300000011921	0	0	0	ok
20240528221357	1749.300000011921	1314.9000000059605	0	0	0	0	ok
20240528221407	0	1606.199999988079	1727.699999988079	0	0	0	ok
20240528221416	1350.3999999761581	0	1759.4000000059605	0	0	0	ok
20240528221426	1344.0999999940395	1404.2000000178814	0	0	0	0	ok
20240528221435	1444.4000000059605	0	1015.4000000059605	0	0	0	ok
20240528221445	0	1423.300000011921	1596.300000011921	0	0	0	ok
20240528221454	1777.699999988079	0	1045.1000000238419	0	0	0	ok
20240528221504	1499.0999999940395	1038.300000011921	0	0	0	0	ok
20240528221513	1202.199999988079	0	5984.300000011921	0	0	1	ok
20240528221528	1340.2000000178814	0	1156.800000011921	0	0	0	ok
20240528221537	1603.4000000059605	0	1405.800000011921	0	0	0	ok
20240528221547	1072.800000011921	1149.199999988079	0	0	0	0	ok
20240528221556	0	6412.100000023842	6339.799999982119	0	1	1	ok
20240528221611	1488.699999988079	0	1473.199999988079	0	0	0	ok
20240528221620	0	2987.7999999821186	2301.5	0	0	0	ok
20240528221632	1325.300000011921	1479	0	0	0	0	ok
20240528221642	1800.3999999761581	0	6012.299999982119	0	0	1	ok
20240528221656	1602.300000011921	0	1430.9000000059605	0	0	0	ok
20240528221706	1044.4000000059605	1761.199999988079	0	0	0	0	ok
20240528221715	1471.4000000059605	1354.0999999940395	0	0	0	0	ok
20240528221725	0	6089.799999982119	1235.800000011921	0	1	0	ok
20240528221739	0	1044.2999999821186	1161.0999999940395	0	0	0	ok
20240528221749	0	1327.199999988079	1468	0	0	0	ok
20240528221758	0	1186.199999988079	1297.800000011921	0	0	0	ok
20240528221808	0	6195.300000011921	1574.2999999821186	0	1	0	ok
20240528221822	0	1068.0999999940395	1337.9000000059605	0	0	0	ok
20240528221832	1767.0999999940395	11038.09999999404	0	0	2	0	ok
20240528221851	1072.699999988079	6769.0999999940395	0	0	1	0	ok
20240528221906	1478.0999999940395	0	6044.300000011921	0	0	1	ok
20240528221920	1464.5	1625.8999999761581	0	0	0	0	ok
20240528221930	1638.7000000178814	1739.5999999940395	0	0	0	0	ok
20240528221939	6500.5	1605.699999988079	0	1	0	0	ok
20240528221954	0	1056.5	1487.0999999940395	0	0	0	ok
20240528222003	1341.5	1705.2000000178814	0	0	0	0	ok
20240528222013	16440.90000000596	0	975.7000000178814	5	0	0	ok
20240528222038	6782.300000011921	1606.5	0	1	0	0	ok
20240528222052	6091.0999999940395	0	11637.40000000596	1	0	2	ok
20240528222112	0	1298.199999988079	6423.4000000059605	0	0	1	ok
20240528222126	0	1037.6000000238419	6431.0999999940395	0	0	2	ok
20240528222141	0	1773.1000000238419	15986.40000000596	0	0	3	ok
20240528222206	2967	0	2264.2999999821186	0	0	0	ok
20240528222218	1044.2000000178814	1484.3999999761581	0	0	0	0	ok
20240528222227	1581.5999999940395	11156.299999982119	0	0	2	0	ok
20240528222247	0	2811.4000000059605	12869.799999982119	0	0	2	ok
20240528222309	11160.5	1688.199999988079	0	3	0	0	ok
20240528222329	0	1658.6000000238419	16696.399999976158	0	0	4	ok
20240528222354	0	997.7000000178814	6700	0	0	2	ok
20240528222408	16476.30000001192	0	1313.9000000059605	3	0	0	ok
20240528222433	1038.2000000178814	1746.199999988079	0	0	0	0	ok
20240528222442	6025.5999999940395	0	6148.5	1	0	1	ok
20240528222457	1708.4000000059605	0	10966.699999988079	0	0	2	ok
20240528222516	2381.0999999940395	0	2174.5	0	0	0	ok
20240528222528	11730.100000023842	0	6649.5999999940395	4	0	1	ok
20240528222548	11193.5	1016.7999999821186	0	3	0	0	ok
20240528222608	11015	6472.699999988079	0	2	2	0	ok
20240528222627	6204.0999999940395	0	1050.3999999761581	2	0	0	ok
20240528222642	0	1415.4000000059605	6312.699999988079	0	0	1	ok
20240528222657	1008.6999999880791	6745.5999999940395	0	0	2	0	ok
20240528222711	11662.59999999404	0	1131.2000000178814	2	0	0	ok
20240528222731	0	1755.9000000059605	1337.7000000178814	0	0	0	ok
20240528222741	1492.199999988079	1014.0999999940395	0	0	0	0	ok
20240528222750	0	6435.300000011921	1307.5	0	1	0	ok
20240528222804	0	6541.699999988079	1759.699999988079	0	1	0	ok
20240528222819	0	6030.700000017881	6158.0999999940395	0	1	1	ok
20240528222834	12919.5	2154.2999999821186	0	2	0	0	ok
20240528222856	6165.5999999940395	0	1045.699999988079	1	0	0	ok
20240528222911	0	1321.5999999940395	1472.4000000059605	0	0	0	ok
20240528222920	1748.5	0	6331.5	0	0	1	ok
20240528222935	0	1627.5	6416.0999999940395	0	0	1	ok
20240528222949	0	1369.5	6120.799999982119	0	0	1	ok
20240528223004	1047.5999999940395	0	6373.799999982119	0	0	1	ok
20240528223018	0	6374.4000000059605	6292.800000011921	0	1	1	ok
20240528223033	1065.4000000059605	0	6116.799999982119	0	0	1	ok
20240528223048	1651.4000000059605	0	1371.5	0	0	0	ok
20240528223057	1200.8999999761581	1255.5999999940395	0	0	0	0	ok
20240528223107	1828.6000000238419	6009.300000011921	0	0	1	0	ok
20240528223121	1175	0	1017.7000000178814	0	0	0	ok
20240528223131	0	6128.800000011921	1026.9000000059605	0	1	0	ok
20240528223145	6772.199999988079	1003.5999999940395	0	2	0	0	ok
20240528223200	1794.9000000059605	1349.699999988079	0	0	0	0	ok
20240528223209	1835.9000000059605	1351.800000011921	0	0	0	0	ok
20240528223219	0	6460.5999999940395	1042.7999999821186	0	1	0	ok
20240528223233	0	11414.5	1312.300000011921	0	2	0	ok
20240528223253	1808.9000000059605	1715.5999999940395	0	0	0	0	ok
20240528223302	1217.7999999821186	0	11306.40000000596	0	0	2	ok
20240528223322	6496.299999982119	1611.2999999821186	0	1	0	0	ok
20240528223337	0	1428	6578.0999999940395	0	0	1	ok
20240528223351	2572.2000000178814	2463.699999988079	0	0	0	0	ok
20240528223403	6266.299999982119	0	1447.5	1	0	0	ok
20240528223418	0	1753.800000011921	1010.5	0	0	0	ok
20240528223427	0	1650.8999999761581	11469.90000000596	0	0	2	ok
20240528223447	6439.300000011921	0	1006.0999999940395	2	0	0	ok
20240528223502	1069.0999999940395	6459.5	0	0	1	0	ok
20240528223516	1398.7999999821186	6031.399999976158	0	0	1	0	ok
20240528223531	1483.0999999940395	0	1260.7999999821186	0	0	0	ok
20240528223540	1651.9000000059605	0	1720.2000000178814	0	0	0	ok
20240528223550	0	1150.800000011921	5965.200000017881	0	0	1	ok
20240528223604	2950.699999988079	0	2693.9000000059605	0	0	0	ok
20240528223616	0	1445.5	1282.2000000178814	0	0	0	ok
20240528223626	1580.699999988079	0	1377.9000000059605	0	0	0	ok
20240528223635	0	6171.4000000059605	1620.699999988079	0	1	0	ok
20240528223650	1184.199999988079	1034.0999999940395	0	0	0	0	ok
20240528223700	1424.5	1294.5	0	0	0	0	ok
20240528223709	1077.4000000059605	0	1386.699999988079	0	0	0	ok
20240528223719	1738.6000000238419	1025.300000011921	0	0	0	0	ok
20240528223728	1083.5	1788.9000000059605	0	0	0	0	ok
20240528223738	0	2683	2561.2000000178814	0	0	0	ok
20240528223750	1031.0999999940395	6491.299999982119	0	0	1	0	ok
20240528223804	0	1763.0999999940395	1562.9000000059605	0	0	0	ok
20240528223814	11717.40000000596	1365.2000000178814	0	2	0	0	ok
20240528223834	1055	0	1719.2000000178814	0	0	0	ok
20240528223843	2929.899999976158	0	13050.699999988079	0	0	2	ok
20240528223905	0	6778.300000011921	6592.5999999940395	0	1	1	ok
20240528223920	0	1451.5999999940395	1002.2000000178814	0	0	0	ok
20240528223929	1072.7000000178814	11173.299999982119	0	0	2	0	ok
20240528223949	1187.5999999940395	1734.300000011921	0	0	0	0	ok
20240528223958	11156.600000023842	1637.699999988079	0	3	0	0	ok
20240528224018	1345.800000011921	6190.200000017881	0	0	1	0	ok
20240528224033	1360.0999999940395	0	1459.2000000178814	0	0	0	ok
20240528224042	0	6045.300000011921	1454.5999999940395	0	1	0	ok
20240528224057	6597.5	6524	0	1	1	0	ok
20240528224111	1796.2000000178814	0	11295.90000000596	0	0	2	ok
20240528224131	21553.70000001788	6046.299999982119	0	5	1	0	ok
20240528224201	11210.5	0	1313.6000000238419	2	0	0	ok
20240528224221	0	1653.0999999940395	16162.200000017881	0	0	6	ok
20240528224245	1634.800000011921	6215.799999982119	0	0	1	0	ok
20240528224300	0	11484.5	6582.199999988079	0	2	1	ok
20240528224320	6459.300000011921	6084.800000011921	0	1	1	0	ok
20240528224334	0	6726.5	11270.899999976158	0	1	2	ok
20240528224354	0	6779.9000000059605	6578.800000011921	0	1	1	ok
20240528224409	11078.5	1427.5	0	2	0	0	ok
20240528224428	6660.800000011921	0	1603.6000000238419	1	0	0	ok
20240528224443	0	11084.40000000596	11196.800000011921	0	2	4	ok
20240528224503	0	6233.9000000059605	1443	0	1	0	ok
20240528224517	1615.300000011921	0	1688.5999999940395	0	0	0	ok
20240528224527	6475.0999999940395	1647	0	1	0	0	ok
20240528224541	1569.6000000238419	1484.0999999940395	0	0	0	0	ok
20240528224551	0	1614.5	6396.4000000059605	0	0	1	ok
20240528224605	0	1049.7999999821186	6440.800000011921	0	0	1	ok
20240528224620	6047.699999988079	0	1774.300000011921	1	0	0	ok
20240528224634	0	6137.9000000059605	1310	0	1	0	ok
20240528224649	6182.5999999940395	0	6223.700000017881	2	0	1	ok
20240528224704	6580.699999988079	1745.2000000178814	0	1	0	0	ok
20240528224718	0	1403.4000000059605	965.4000000059605	0	0	0	ok
20240528224728	1393.5	6209.5999999940395	0	0	1	0	ok
20240528224742	0	6491.700000017881	1015.9000000059605	0	1	0	ok
20240528224757	1509.0999999940395	1652.0999999940395	0	0	0	0	ok
20240528224806	0	1653.7999999821186	1747.5	0	0	0	ok
20240528224816	1215.5	1049.0999999940395	0	0	0	0	ok
20240528224825	1426.4000000059605	0	6518.799999982119	0	0	1	ok
20240528224840	1649.0999999940395	0	1774.800000011921	0	0	0	ok
20240528224849	1335.9000000059605	6393.5	0	0	1	0	ok
20240528224904	0	1693.9000000059605	1300.5	0	0	0	ok
20240528224913	6517.699999988079	1622.5	0	1	0	0	ok
20240528224928	0	1028.8999999761581	1729.2999999821186	0	0	0	ok
20240528224937	0	1516.4000000059605	1057.5999999940395	0	0	0	ok
20240528224947	6485.100000023842	0	1578.3999999761581	1	0	0	ok
20240528225001	1467.0999999940395	1271.1000000238419	0	0	0	0	ok
20240528225011	1088.1000000238419	1490.8999999761581	0	0	0	0	ok
20240528225020	0	11706.59999999404	971.9000000059605	0	2	0	ok
20240528225040	1511.4000000059605	0	1600.5999999940395	0	0	0	ok
20240528225049	6467.799999982119	0	1007.2999999821186	2	0	0	ok
20240528225104	0	1266	6079.5999999940395	0	0	1	ok
20240528225118	0	11454.899999976158	1330.9000000059605	0	2	0	ok
20240528225138	1253.300000011921	11392.899999976158	0	0	2	0	ok
20240528225158	1821.4000000059605	6603.100000023842	0	0	1	0	ok
20240528225212	6071.9000000059605	0	6751.0999999940395	1	0	1	ok
20240528225227	6213.100000023842	6347.5999999940395	0	1	1	0	ok
20240528225242	1813	0	1341.5999999940395	0	0	0	ok
20240528225251	1217.5	1272.199999988079	0	0	0	0	ok
20240528225301	1347.0999999940395	0	1148.9000000059605	0	0	0	ok
20240528225310	1356.4000000059605	1198.800000011921	0	0	0	0	ok
20240528225320	1816.0999999940395	0	6568.9000000059605	0	0	1	ok
20240528225334	1038.8999999761581	6478.4000000059605	0	0	1	0	ok
20240528225349	0	1738.2000000178814	1599.5	0	0	0	ok
20240528225358	1470.2000000178814	1066	0	0	0	0	ok
20240528225408	1529.5	11369.5	0	0	2	0	ok
20240528225428	0	1623.7999999821186	6116.699999988079	0	0	1	ok
20240528225442	6796.5	0	1262.9000000059605	1	0	0	ok
20240528225457	0	1437.9000000059605	1040	0	0	0	ok
20240528225506	0	1303.199999988079	6447.5	0	0	1	ok
20240528225521	1809.0999999940395	1353.9000000059605	0	0	0	0	ok
20240528225530	1038.5	6146.300000011921	0	0	1	0	ok
20240528225545	1318.8999999761581	1482.5	0	0	0	0	ok
20240528225554	1066.5999999940395	1733.5	0	0	0	0	ok
20240528225604	1744.4000000059605	0	1328.2000000178814	0	0	0	ok
20240528225613	0	1319.0999999940395	6137.0999999940395	0	0	1	ok
20240528225628	0	16436.59999999404	1020.2999999821186	0	3	0	ok
20240528225653	1057.4000000059605	0	11103.299999982119	0	0	3	ok
20240528225712	2991	7312.0999999940395	0	0	1	0	ok
20240528225727	16428.69999998808	1021.0999999940395	0	3	0	0	ok
20240528225752	0	6288.9000000059605	1171.7000000178814	0	1	0	ok
20240528225806	1350.300000011921	0	6118	0	0	1	ok
20240528225821	6804.9000000059605	1677.3999999761581	0	1	0	0	ok
20240528225835	1354.199999988079	11482	0	0	3	0	ok
20240528225855	1610	0	1748.5999999940395	0	0	0	ok
20240528225905	1745.7999999821186	6114.699999988079	0	0	1	0	ok
20240528225919	0	11618.199999988079	6105.5	0	2	1	ok
20240528225939	21819.09999999404	1295.7999999821186	0	4	0	0	ok
20240528230009	1018.2999999821186	0	11132.899999976158	0	0	3	ok
20240528230029	6109.4000000059605	6197.9000000059605	0	1	1	0	ok
20240528230043	6025.800000011921	0	6727.300000011921	1	0	2	ok
20240528230058	12743.199999988079	7278.700000017881	0	2	1	0	ok
20240528230120	11308.5	6457.0999999940395	0	2	2	0	ok
20240528230140	6388.5	0	6416.199999988079	1	0	1	ok
20240528230154	11451.09999999404	1327.7999999821186	0	2	0	0	ok
20240528230214	6677.4000000059605	6163.4000000059605	0	1	1	0	ok
20240528230229	11044.40000000596	0	1729.0999999940395	2	0	0	ok
20240528230248	1092.300000011921	0	11127.699999988079	0	0	2	ok
20240528230308	0	11133.200000017881	1322.5	0	2	0	ok
20240528230328	6222.4000000059605	0	1627.5	1	0	0	ok
20240528230342	1337.5	6127.300000011921	0	0	1	0	ok
20240528230357	1080	1229.8999999761581	0	0	0	0	ok
20240528230406	1800	6328.5999999940395	0	0	1	0	ok
20240528230421	1473	1308.800000011921	0	0	0	0	ok
20240528230430	1023.9000000059605	1160.3999999761581	0	0	0	0	ok
20240528230440	6834.300000011921	1003.8000000119209	0	2	0	0	ok
20240528230454	1052.699999988079	6146.4000000059605	0	0	1	0	ok
20240528230509	1018.9000000059605	1767.2000000178814	0	0	0	0	ok
20240528230519	6422.4000000059605	0	1308.9000000059605	2	0	0	ok
20240528230533	1561.300000011921	0	1291.5999999940395	0	0	0	ok
20240528230543	6018.799999982119	0	1735.800000011921	1	0	0	ok
20240528230557	1771.199999988079	0	1317.1000000238419	0	0	0	ok
20240528230607	1223.4000000059605	1053	0	0	0	0	ok
20240528230616	0	1472.2000000178814	1313.5999999940395	0	0	0	ok
20240528230626	0	1279.300000011921	1425.0999999940395	0	0	0	ok
20240528230635	1088	1804.199999988079	0	0	0	0	ok
20240528230645	0	1499.699999988079	5976.4000000059605	0	0	1	ok
20240528230659	1083.9000000059605	6213.699999988079	0	0	1	0	ok
20240528230714	1775.7999999821186	0	1581.5999999940395	0	0	0	ok
20240528230723	1813.5999999940395	1330.5999999940395	0	0	0	0	ok
20240528230733	6428.399999976158	6334.899999976158	0	2	1	0	ok
20240528230747	1774.7999999821186	0	1237	0	0	0	ok
20240528230757	1670	0	1751.5	0	0	0	ok
20240528230806	0	1207.5999999940395	1247	0	0	0	ok
20240528230816	1055	0	1362.199999988079	0	0	0	ok
20240528230825	11164.700000017881	1033.2000000178814	0	2	0	0	ok
20240528230845	1392	6461.9000000059605	0	0	2	0	ok
20240528230859	0	1759.5	11587.5	0	0	2	ok
20240528230919	2906.899999976158	0	2681.7000000178814	0	0	0	ok
20240528230931	0	16453.80000001192	6622.899999976158	0	3	1	ok
20240528230956	6833.5999999940395	1105.300000011921	0	1	0	0	ok
20240528231010	1662.9000000059605	0	1158.5999999940395	0	0	0	ok
20240528231020	6185.399999976158	1356.2999999821186	0	1	0	0	ok
20240528231035	11485.59999999404	0	985.7999999821186	3	0	0	ok
20240528231054	0	1459.6000000238419	5965.4000000059605	0	0	1	ok
20240528231109	1055.3999999761581	1198.2999999821186	0	0	0	0	ok
20240528231118	1654.0999999940395	0	1443.5999999940395	0	0	0	ok
20240528231128	0	1573.300000011921	1183.3999999761581	0	0	0	ok
20240528231137	1670.199999988079	0	11145.799999982119	0	0	2	ok
20240528231157	11505.90000000596	6041.199999988079	0	3	1	0	ok
20240528231217	0	11157.59999999404	6519.0999999940395	0	3	1	ok
20240528231237	6770.5	0	5979.5	1	0	1	ok
20240528231251	1019.7999999821186	1451.7000000178814	0	0	0	0	ok
20240528231301	6307.5	1479.5	0	1	0	0	ok
20240528231315	0	1172.300000011921	1008.4000000059605	0	0	0	ok
20240528231325	1222.2000000178814	1657.6000000238419	0	0	0	0	ok
20240528231334	0	6550.4000000059605	1460.800000011921	0	1	0	ok
20240528231349	0	6055.9000000059605	1721.2999999821186	0	1	0	ok
20240528231403	0	1067.5	6150	0	0	1	ok
20240528231418	6194.5999999940395	0	5967.4000000059605	2	0	1	ok
20240528231433	1642.5	6378.9000000059605	0	0	1	0	ok
20240528231447	1085.800000011921	0	16476.600000023842	0	0	3	ok
20240528231512	1689	0	1032.5	0	0	0	ok
20240528231521	0	11194.199999988079	1305.5999999940395	0	2	0	ok
20240528231541	1494.4000000059605	6384.4000000059605	0	0	1	0	ok
20240528231555	0	6743.5	1311.0999999940395	0	2	0	ok
20240528231610	16717.600000023842	1011.9000000059605	0	3	0	0	ok
20240528231635	11430.699999988079	0	1345.0999999940395	3	0	0	ok
20240528231654	0	6562.799999982119	11153.700000017881	0	1	3	ok
20240528231714	0	1788.300000011921	6042.199999988079	0	0	1	ok
20240528231729	6025.5999999940395	0	1144.699999988079	1	0	0	ok
20240528231743	1074.2999999821186	0	6758.9000000059605	0	0	1	ok
20240528231758	11633.299999982119	6436.199999988079	0	2	1	0	ok
20240528231818	1612.2999999821186	0	11717.799999982119	0	0	2	ok
20240528231837	1355.5	11193.899999976158	0	0	3	0	ok
20240528231857	0	1302.2999999821186	6730.600000023842	0	0	2	ok
20240528231912	1785.9000000059605	1071.300000011921	0	0	0	0	ok
20240528231921	1711.5999999940395	0	1579.699999988079	0	0	0	ok
20240528231931	0	6287.0999999940395	11157.100000023842	0	1	4	ok
20240528231951	0	6471.0999999940395	1011.5999999940395	0	2	0	ok
20240528232005	6090.700000017881	11162.299999982119	0	1	3	0	ok
20240528232025	0	1477.5	6542.5999999940395	0	0	1	ok
20240528232039	1080.2999999821186	6516.5999999940395	0	0	1	0	ok
20240528232054	6298.699999988079	0	1743.0999999940395	1	0	0	ok
20240528232109	1637.800000011921	0	6720	0	0	2	ok
20240528232123	1056.5999999940395	6171.899999976158	0	0	1	0	ok
20240528232138	6045.5	0	1727.9000000059605	1	0	0	ok
20240528232152	7411.0999999940395	2868.5	0	1	0	0	ok
20240528232207	1106.5999999940395	0	1470.800000011921	0	0	0	ok
20240528232217	16511.30000001192	0	1004.0999999940395	3	0	0	ok
20240528232241	6040	0	6148	1	0	1	ok
20240528232256	1867.699999988079	1332.7999999821186	0	0	0	0	ok
20240528232305	1608.9000000059605	6149.300000011921	0	0	1	0	ok
20240528232320	1047.5	0	6355.299999982119	0	0	2	ok
20240528232335	1631.4000000059605	1828.300000011921	0	0	0	0	ok
20240528232344	1514.4000000059605	6011	0	0	1	0	ok
20240528232359	6202	6028.200000017881	0	1	1	0	ok
20240528232413	0	6411	1345.6000000238419	0	2	0	ok
20240528232428	11507.800000011921	0	1013.5999999940395	3	0	0	ok
20240528232448	1465.3999999761581	0	1519.5	0	0	0	ok
20240528232457	1486.699999988079	0	1242.4000000059605	0	0	0	ok
20240528232507	21395.90000000596	0	6648.9000000059605	4	0	1	ok
20240528232537	11164.700000017881	11053.40000000596	0	2	2	0	ok
20240528232556	1630.5	0	6716.0999999940395	0	0	2	ok
20240528232611	1457.9000000059605	0	1223.1000000238419	0	0	0	ok
20240528232620	1502.9000000059605	0	1015.8000000119209	0	0	0	ok
20240528232630	2462.9000000059605	0	2524.0999999940395	0	0	0	ok
20240528232642	0	1492	1295	0	0	0	ok
20240528232651	1781.4000000059605	0	1302.6000000238419	0	0	0	ok
20240528232701	1230.7000000178814	0	1016.0999999940395	0	0	0	ok
20240528232710	0	1786.7999999821186	1552.2000000178814	0	0	0	ok
20240528232720	1798.8999999761581	1607	0	0	0	0	ok
20240528232729	0	1437.2000000178814	1319.800000011921	0	0	0	ok
20240528232739	0	1075	1399.0999999940395	0	0	0	ok
20240528232748	1498.699999988079	0	1308.4000000059605	0	0	0	ok
20240528232758	0	1428.7000000178814	1308.7999999821186	0	0	0	ok
20240528232807	6492.5	1045.4000000059605	0	1	0	0	ok
20240528232822	0	1726.5999999940395	1322.1000000238419	0	0	0	ok
20240528232831	1796.2999999821186	0	971.7999999821186	0	0	0	ok
20240528232841	1344.5	0	1149.3999999761581	0	0	0	ok
20240528232850	0	1756.5	985.6999999880791	0	0	0	ok
20240528232900	6207.600000023842	0	1315.800000011921	1	0	0	ok
20240528232914	1725.5	0	6049.600000023842	0	0	1	ok
20240528232929	1477.2999999821186	1043.3999999761581	0	0	0	0	ok
20240528232938	0	6490.800000011921	1029.2999999821186	0	1	0	ok
20240528232953	1358.4000000059605	1493.9000000059605	0	0	0	0	ok
20240528233003	6059.5999999940395	16524.09999999404	0	1	3	0	ok
20240528233027	6342	0	11490.800000011921	1	0	3	ok
20240528233047	0	8096.4000000059605	7324.5	0	2	1	ok
20240528233104	6134.9000000059605	0	988.5999999940395	1	0	0	ok
20240528233119	0	1461	990.4000000059605	0	0	0	ok
20240528233128	1064.4000000059605	1455.9000000059605	0	0	0	0	ok
20240528233138	1387.5	1459.5	0	0	0	0	ok
20240528233147	1513.7000000178814	1026	0	0	0	0	ok
20240528233157	1532.300000011921	0	1606.800000011921	0	0	0	ok
20240528233206	0	1523	6333.800000011921	0	0	1	ok
20240528233221	1414.9000000059605	0	6306.699999988079	0	0	1	ok
20240528233235	6191	0	6313.399999976158	2	0	1	ok
20240528233250	1205.199999988079	1041.7000000178814	0	0	0	0	ok
20240528233300	26216.80000001192	1324.2000000178814	0	7	0	0	ok
20240528233334	11481.90000000596	0	1308.5	2	0	0	ok
20240528233354	6809.700000017881	1024	0	1	0	0	ok
20240528233409	1091.300000011921	0	6497.4000000059605	0	0	1	ok
20240528233423	0	6507.300000011921	6574.4000000059605	0	1	1	ok
20240528233438	1549.699999988079	6363.300000011921	0	0	1	0	ok
20240528233453	1640	1187.5999999940395	0	0	0	0	ok
20240528233502	16786.40000000596	1627.2999999821186	0	4	0	0	ok
20240528233527	6193	0	6019.200000017881	1	0	1	ok
20240528233541	1096.0999999940395	0	1741	0	0	0	ok
20240528233551	0	6178	976.7999999821186	0	1	0	ok
20240528233605	1443.9000000059605	6351.5999999940395	0	0	1	0	ok
20240528233620	0	6361.800000011921	1449.2000000178814	0	1	0	ok
20240528233634	11740.700000017881	6077.700000017881	0	2	1	0	ok
20240528233654	0	6654.4000000059605	1720.2999999821186	0	1	0	ok
20240528233709	0	6735.700000017881	11642.90000000596	0	1	2	ok
20240528233729	2172	7605.5	0	0	1	0	ok
20240528233746	0	7513.199999988079	22305.30000001192	0	1	4	ok
20240528233816	6383.4000000059605	11764.40000000596	0	1	2	0	ok
20240528233835	1560.7000000178814	1353	0	0	0	0	ok
20240528233845	16497.600000023842	0	985	3	0	0	ok
20240528233909	1811.1000000238419	6332.0999999940395	0	0	1	0	ok
20240528233924	1496.300000011921	0	1262	0	0	0	ok
20240528233933	0	11366	1744.699999988079	0	2	0	ok
20240528233953	6441.5999999940395	1066.5	0	1	0	0	ok
20240528234008	16492.5	0	1321.9000000059605	3	0	0	ok
20240528234032	6081	1452.9000000059605	0	1	0	0	ok
20240528234047	0	6601.199999988079	21755.09999999404	0	1	5	ok
20240528234117	0	6143.5	5959.4000000059605	0	1	1	ok
20240528234131	1373.699999988079	0	6139.399999976158	0	0	1	ok
20240528234146	16156.100000023842	1081	0	3	0	0	ok
20240528234210	0	1032.6000000238419	1757.2999999821186	0	0	0	ok
20240528234220	1058.2000000178814	1450.699999988079	0	0	0	0	ok
20240528234229	1349.8999999761581	11449.699999988079	0	0	2	0	ok
20240528234249	1770.7999999821186	0	5991.600000023842	0	0	1	ok
20240528234304	0	6500	1650.699999988079	0	1	0	ok
20240528234319	6114.699999988079	1346.1000000238419	0	1	0	0	ok
20240528234333	1196.2000000178814	0	1271.0999999940395	0	0	0	ok
20240528234343	1168.5	0	1827.2000000178814	0	0	0	ok
20240528234352	6139.100000023842	6875.100000023842	0	1	1	0	ok
20240528234407	2998.300000011921	0	2753.699999988079	0	0	0	ok
20240528234419	1105.300000011921	1779.800000011921	0	0	0	0	ok
20240528234429	6620.9000000059605	0	1784.5	1	0	0	ok
20240528234443	11556.90000000596	0	1344.699999988079	2	0	0	ok
20240528234503	6911.100000023842	1144.4000000059605	0	2	0	0	ok
20240528234517	1523.7000000178814	1112.300000011921	0	0	0	0	ok
20240528234527	1714.199999988079	0	1558.800000011921	0	0	0	ok
20240528234537	1175.199999988079	0	6262.300000011921	0	0	2	ok
20240528234551	11263.09999999404	0	1130.0999999940395	3	0	0	ok
20240528234611	1601.5	0	1077.2000000178814	0	0	0	ok
20240528234620	2596.300000011921	0	7659.5	0	0	1	ok
20240528234638	2936.5	2444.5	0	0	0	0	ok
20240528234650	1772.5	0	1569.300000011921	0	0	0	ok
20240528234659	2580.0999999940395	2606.800000011921	0	0	0	0	ok
20240528234711	1937.0999999940395	6134.200000017881	0	0	1	0	ok
20240528234726	0	1460.800000011921	1704.9000000059605	0	0	0	ok
20240528234735	6464.199999988079	1853.699999988079	0	1	0	0	ok
20240528234750	1169.199999988079	1840.9000000059605	0	0	0	0	ok
20240528234759	0	1107.2999999821186	1514.699999988079	0	0	0	ok
20240528234809	6291.0999999940395	0	1661.9000000059605	1	0	0	ok
20240528234823	1178.8999999761581	1871.199999988079	0	0	0	0	ok
20240528234833	1479.7000000178814	1838.2000000178814	0	0	0	0	ok
20240528234843	1915.9000000059605	0	1421.9000000059605	0	0	0	ok
20240528234852	1858.300000011921	1474.7999999821186	0	0	0	0	ok
20240528234902	1123.4000000059605	1513.800000011921	0	0	0	0	ok
20240528234911	1622	0	1629.5999999940395	0	0	0	ok
20240528234920	2674.600000023842	0	2505.199999988079	0	0	0	ok
20240528234933	1734.6000000238419	6268.799999982119	0	0	1	0	ok
20240528234947	1623	0	1448.2999999821186	0	0	0	ok
20240528234956	0	1137.8999999761581	1867.2999999821186	0	0	0	ok
20240528235006	0	1485.8999999761581	6266.5	0	0	1	ok
20240528235021	1771.300000011921	6536.5999999940395	0	0	1	0	ok
20240528235035	1177.9000000059605	0	1857.699999988079	0	0	0	ok
20240528235045	1807.4000000059605	0	1740.5	0	0	0	ok
20240528235054	0	6230	6351	0	1	1	ok
20240528235109	0	1726	6559.600000023842	0	0	2	ok
20240528235123	0	6552.4000000059605	1400.2000000178814	0	1	0	ok
20240528235138	6152.600000023842	0	1849.300000011921	1	0	0	ok
20240528235153	0	1559.9000000059605	1326.300000011921	0	0	0	ok
20240528235202	1874.7000000178814	0	6656.5	0	0	1	ok
20240528235217	6482.600000023842	1140	0	1	0	0	ok
20240528235231	0	1029.199999988079	1245.7000000178814	0	0	0	ok
20240528235241	1419.300000011921	11564.09999999404	0	0	3	0	ok
20240528235300	11563.09999999404	0	1323.7999999821186	2	0	0	ok
20240528235320	6905.9000000059605	1069.300000011921	0	1	0	0	ok
20240528235335	1764	1527.800000011921	0	0	0	0	ok
20240528235344	1314.2000000178814	0	1379	0	0	0	ok
20240528235354	12323.299999982119	0	2686.9000000059605	2	0	0	ok
20240528235413	1743	11567.699999988079	0	0	4	0	ok
20240528235433	0	1070.6000000238419	16223	0	0	5	ok
20240528235458	0	11687.199999988079	6516.699999988079	0	2	1	ok
20240528235518	16265.799999982119	6733.4000000059605	0	6	1	0	ok
20240528235543	11671.699999988079	16262.90000000596	0	2	4	0	ok
20240528235607	1142.4000000059605	0	6250.800000011921	0	0	2	ok
20240528235622	1181.4000000059605	6755.399999976158	0	0	1	0	ok
20240528235637	16845.100000023842	6136.200000017881	0	5	1	0	ok
20240528235702	6709.699999988079	1618	0	1	0	0	ok
20240528235716	0	1450.300000011921	6504.199999988079	0	0	1	ok
20240528235731	0	11623.09999999404	16798.69999998808	0	2	3	ok
20240528235756	1135.2000000178814	0	16222.699999988079	0	0	4	ok
20240528235820	0	1867.800000011921	6100.600000023842	0	0	1	ok
20240528235835	1165	0	1537.5999999940395	0	0	0	ok
20240528235844	0	1139.800000011921	16548.90000000596	0	0	5	ok
20240528235909	0	1427.300000011921	6424.0999999940395	0	0	1	ok
20240528235924	1736.4000000059605	0	1252.8999999761581	0	0	0	ok
20240528235933	6242.5	1728.199999988079	0	1	0	0	ok
20240528235948	6395.4000000059605	1560.199999988079	0	1	0	0	ok
20240529000002	1158.699999988079	6513.300000011921	0	0	2	0	ok
20240529000017	1674.5999999940395	1867.5999999940395	0	0	0	0	ok
20240529000027	1187.5	1285.4000000059605	0	0	0	0	ok
20240529000036	11533.800000011921	0	1342.300000011921	2	0	0	ok
20240529000056	1099.2999999821186	0	1206.1000000238419	0	0	0	ok
20240529000105	1683.9000000059605	0	1841.0999999940395	0	0	0	ok
20240529000115	1419.4000000059605	6815	0	0	1	0	ok
20240529000129	6170.5	0	1544	1	0	0	ok
20240529000144	1116.800000011921	0	1534	0	0	0	ok
20240529000153	1138.0999999940395	0	1896.3999999761581	0	0	0	ok
20240529000203	0	2862.5	3186.199999988079	0	0	0	ok
20240529000215	1952.4000000059605	0	1719.9000000059605	0	0	0	ok
20240529000224	2559.5	0	2391.4000000059605	0	0	0	ok
20240529000237	6584	6454.199999988079	0	1	1	0	ok
20240529000251	11198.199999988079	0	1313.7000000178814	3	0	0	ok
20240529000311	0	6115.699999988079	978.4000000059605	0	1	0	ok
20240529000325	1296.199999988079	0	1792.699999988079	0	0	0	ok
20240529000335	0	6484.4000000059605	6319.299999982119	0	1	1	ok
20240529000350	6585.899999976158	0	1771.7999999821186	1	0	0	ok
20240529000404	1226.0999999940395	1056.0999999940395	0	0	0	0	ok
20240529000414	2372.5999999940395	0	7457.300000011921	0	0	1	ok
20240529000428	6629.0999999940395	0	1658.199999988079	1	0	0	ok
20240529000443	0	1473	1305.5	0	0	0	ok
20240529000452	1377.2999999821186	1495.800000011921	0	0	0	0	ok
20240529000502	1071	6205.9000000059605	0	0	1	0	ok
20240529000516	1536.300000011921	0	1334.2999999821186	0	0	0	ok
20240529000526	0	1283.5999999940395	1760	0	0	0	ok
20240529000535	0	1774.7000000178814	1347.7999999821186	0	0	0	ok
20240529000545	1440.5999999940395	0	1642.5	0	0	0	ok
20240529000555	0	1726	1686	0	0	0	ok
20240529000604	0	1766.800000011921	1346.9000000059605	0	0	0	ok
20240529000613	6094	0	6160.399999976158	1	0	2	ok
20240529000628	0	1368.5999999940395	1799.800000011921	0	0	0	ok
20240529000637	6156.5	1633.4000000059605	0	1	0	0	ok
20240529000652	6603	1468.4000000059605	0	1	0	0	ok
20240529000707	6466.300000011921	0	1030.3999999761581	1	0	0	ok
20240529000721	6675.5999999940395	1699.5	0	1	0	0	ok
20240529000736	0	1651.2999999821186	1690.300000011921	0	0	0	ok
20240529000745	1055.699999988079	0	6470	0	0	1	ok
20240529000800	1808.9000000059605	1035.9000000059605	0	0	0	0	ok
20240529000809	1072.9000000059605	6439.5	0	0	2	0	ok
20240529000824	1780.9000000059605	0	6232.800000011921	0	0	1	ok
20240529000839	1103.5	11417.199999988079	0	0	2	0	ok
20240529000858	1316.2999999821186	1721.199999988079	0	0	0	0	ok
20240529000908	6608	0	1514.5	1	0	0	ok
20240529000922	1056	6419	0	0	1	0	ok
20240529000937	6823.399999976158	1691.9000000059605	0	1	0	0	ok
20240529000951	1181.300000011921	1266.0999999940395	0	0	0	0	ok
20240529001001	0	1636.5	1733.9000000059605	0	0	0	ok
20240529001010	6678.9000000059605	6490.9000000059605	0	1	1	0	ok
20240529001025	6312.0999999940395	1762.9000000059605	0	1	0	0	ok
20240529001040	16488.5	1302.9000000059605	0	3	0	0	ok
20240529001105	0	1352.5999999940395	1351.5	0	0	0	ok
20240529001114	6178.799999982119	1037.2000000178814	0	1	0	0	ok
20240529001129	1568.300000011921	0	1123.800000011921	0	0	0	ok
20240529001138	1600.0999999940395	1818.7000000178814	0	0	0	0	ok
20240529001148	1071.5	1776.199999988079	0	0	0	0	ok
20240529001157	1033	0	6130	0	0	1	ok
20240529001212	6067.800000011921	0	11732	1	0	2	ok
20240529001231	1204.300000011921	1026.9000000059605	0	0	0	0	ok
20240529001241	0	6192.800000011921	11037.59999999404	0	1	2	ok
20240529001301	0	31060	6725.300000011921	0	6	1	ok
20240529001341	11189.299999982119	0	1012.1999999880791	3	0	0	ok
20240529001400	1848.9000000059605	1755.5999999940395	0	0	0	0	ok
20240529001410	6054.700000017881	1482.9000000059605	0	1	0	0	ok
20240529001424	1737	5986.0999999940395	0	0	1	0	ok
20240529001439	7218.5999999940395	0	7285.199999988079	1	0	1	ok
20240529001454	0	1388.699999988079	6225.699999988079	0	0	1	ok
20240529001508	0	7462.5999999940395	2280.2999999821186	0	2	0	ok
20240529001523	11318.59999999404	1199.2999999821186	0	2	0	0	ok
20240529001543	1076.800000011921	6499.700000017881	0	0	1	0	ok
20240529001557	6034.800000011921	0	6175.200000017881	1	0	1	ok
20240529001612	1693.9000000059605	0	1431.9000000059605	0	0	0	ok
20240529001621	0	11781.5	1014.8000000119209	0	2	0	ok
20240529001641	11486.200000017881	0	11267.09999999404	2	0	2	ok
20240529001701	6743.0999999940395	0	977.8999999761581	2	0	0	ok
20240529001715	6812.9000000059605	0	6333.5999999940395	1	0	1	ok
20240529001730	1664.0999999940395	6129.5999999940395	0	0	1	0	ok
20240529001745	1662.699999988079	6424.5999999940395	0	0	2	0	ok
20240529001759	1360.199999988079	0	1137.4000000059605	0	0	0	ok
20240529001809	6106.4000000059605	6224	0	1	2	0	ok
20240529001823	1221.5	1100.7999999821186	0	0	0	0	ok
20240529001833	1814.300000011921	1689.2999999821186	0	0	0	0	ok
20240529001842	1726.8999999761581	0	5964.5	0	0	1	ok
20240529001857	1715	1616.5	0	0	0	0	ok
20240529001906	0	1174.5	5991.699999988079	0	0	1	ok
20240529001921	1372.2000000178814	0	6667.800000011921	0	0	2	ok
20240529001935	0	6402	16184	0	1	4	ok
20240529002000	0	1383.800000011921	1338.199999988079	0	0	0	ok
20240529002010	0	2291.199999988079	7372.300000011921	0	0	1	ok
20240529002024	6081.100000023842	0	1689.5	1	0	0	ok
20240529002039	0	1308.6000000238419	6377.299999982119	0	0	1	ok
20240529002053	1670.0999999940395	1794.8999999761581	0	0	0	0	ok
20240529002103	6477.300000011921	6335.399999976158	0	1	1	0	ok
20240529002117	11490.300000011921	0	1057.8999999761581	3	0	0	ok
20240529002137	11152.800000011921	1037.0999999940395	0	2	0	0	ok
20240529002157	1785.0999999940395	0	1058.199999988079	0	0	0	ok
20240529002206	0	6347.200000017881	16126.40000000596	0	1	3	ok
20240529002231	1192.2000000178814	0	1505.800000011921	0	0	0	ok
20240529002240	1090.8999999761581	0	1435.2999999821186	0	0	0	ok
20240529002250	1681.2000000178814	6138.199999988079	0	0	1	0	ok
20240529002304	6177.899999976158	0	985.5	1	0	0	ok
20240529002319	2174.300000011921	2856	0	0	0	0	ok
20240529002331	0	6203.699999988079	1284.699999988079	0	1	0	ok
20240529002346	0	1740.5999999940395	1019.2999999821186	0	0	0	ok
20240529002355	0	6056.4000000059605	6178.700000017881	0	1	1	ok
20240529002410	1761.4000000059605	6649.399999976158	0	0	1	0	ok
20240529002424	0	6366.700000017881	1664.6000000238419	0	2	0	ok
20240529002439	1891	1044.1000000238419	0	0	0	0	ok
20240529002449	1103.4000000059605	16156.5	0	0	4	0	ok
20240529002513	6126.800000011921	0	6300.700000017881	1	0	1	ok
20240529002528	1316	1524.5	0	0	0	0	ok
20240529002538	0	6045.5999999940395	6107.399999976158	0	1	1	ok
20240529002552	12760.40000000596	0	7639.5999999940395	2	0	1	ok
20240529002614	6080.4000000059605	0	11172.90000000596	1	0	2	ok
20240529002634	1418.5999999940395	6733.5999999940395	0	0	1	0	ok
20240529002649	0	1370.5999999940395	16467.79999998212	0	0	3	ok
20240529002714	7903	3007.600000023842	0	1	0	0	ok
20240529002731	6475.200000017881	0	11639.90000000596	1	0	2	ok
20240529002750	11680.699999988079	11026.199999988079	0	2	2	0	ok
20240529002810	6073.700000017881	6421	0	1	2	0	ok
20240529002825	1602.300000011921	21719	0	0	4	0	ok
20240529002854	0	1347.199999988079	11120.700000017881	0	0	2	ok
20240529002914	1803.699999988079	0	6299.0999999940395	0	0	1	ok
20240529002929	1306.0999999940395	0	6159	0	0	1	ok
20240529002943	0	2846.100000023842	7460.700000017881	0	0	1	ok
20240529003000	1393.9000000059605	11181.59999999404	0	0	2	0	ok
20240529003020	0	6146	997.6999999880791	0	1	0	ok
20240529003034	0	6571.5	6163.800000011921	0	1	1	ok
20240529003049	1096	0	11429	0	0	3	ok
20240529003109	11442.40000000596	1040.5999999940395	0	3	0	0	ok
20240529003129	12356.90000000596	2750.0999999940395	0	2	0	0	ok
20240529003148	0	1742	1625	0	0	0	ok
20240529003158	1876	0	1562.0999999940395	0	0	0	ok
20240529003207	0	1737	1322.300000011921	0	0	0	ok
20240529003217	6163.800000011921	6055.800000011921	0	1	1	0	ok
20240529003232	0	1475.1000000238419	991.4000000059605	0	0	0	ok
20240529003241	6181.300000011921	1643.5	0	1	0	0	ok
20240529003256	0	16439.80000001192	5990.4000000059605	0	3	1	ok
20240529003320	0	1697.9000000059605	1153.199999988079	0	0	0	ok
20240529003330	2197	0	2862.199999988079	0	0	0	ok
20240529003342	6018.399999976158	0	6145	1	0	1	ok
20240529003357	0	1412.2000000178814	1027.800000011921	0	0	0	ok
20240529003406	0	1046.3999999761581	1676.199999988079	0	0	0	ok
20240529003416	1461.0999999940395	0	1779.300000011921	0	0	0	ok
20240529003425	1638.2000000178814	1481.5	0	0	0	0	ok
20240529003435	0	6483.300000011921	1026.6000000238419	0	2	0	ok
20240529003449	1478.699999988079	0	6027	0	0	1	ok
20240529003504	11114.799999982119	1751.300000011921	0	2	0	0	ok
20240529003523	6813	0	6282.700000017881	2	0	1	ok
20240529003538	0	1591.5	1745.9000000059605	0	0	0	ok
20240529003547	6089.899999976158	6189.199999988079	0	1	1	0	ok
20240529003602	16375.59999999404	1507.9000000059605	0	3	0	0	ok
20240529003627	0	1711.9000000059605	6522.699999988079	0	0	1	ok
20240529003641	1423.800000011921	11477.600000023842	0	0	2	0	ok
20240529003701	1046.699999988079	0	6401.800000011921	0	0	1	ok
20240529003715	0	6631.300000011921	6426.100000023842	0	1	1	ok
20240529003730	1053.1000000238419	1765	0	0	0	0	ok
20240529003740	0	11787.40000000596	6029.200000017881	0	4	1	ok
20240529003759	11494	0	1026.5999999940395	3	0	0	ok
20240529003819	18046.59999999404	0	2342.800000011921	4	0	0	ok
20240529003846	1051.5999999940395	0	16123.09999999404	0	0	3	ok
20240529003911	0	1050.4000000059605	6648.300000011921	0	0	2	ok
20240529003926	0	6600.4000000059605	1453.5999999940395	0	1	0	ok
20240529003940	7831.4000000059605	2419.699999988079	0	1	0	0	ok
20240529003957	0	1294.5	16135.300000011921	0	0	4	ok
20240529004022	1521.5	0	1324.7000000178814	0	0	0	ok
20240529004032	11072.5	0	6702.199999988079	2	0	1	ok
20240529004052	1088.0999999940395	1691.4000000059605	0	0	0	0	ok
20240529004101	1556.3999999761581	6584.800000011921	0	0	1	0	ok
20240529004116	1813.5	0	1322.300000011921	0	0	0	ok
20240529004125	6235.799999982119	0	1044.199999988079	1	0	0	ok
20240529004140	0	1005.1999999880791	1448.8999999761581	0	0	0	ok
20240529004149	6742.4000000059605	0	1355.199999988079	1	0	0	ok
20240529004204	1361.7999999821186	0	6405.0999999940395	0	0	1	ok
20240529004218	1655.0999999940395	1877.800000011921	0	0	0	0	ok
20240529004228	1092.7999999821186	0	6452.5	0	0	2	ok
20240529004243	6409.5999999940395	0	6500.0999999940395	1	0	1	ok
20240529004257	6232.9000000059605	0	1355.9000000059605	1	0	0	ok
20240529004312	0	1061.0999999940395	6435.699999988079	0	0	1	ok
20240529004326	6772.5	0	1309.3999999761581	2	0	0	ok
20240529004341	0	1330.800000011921	1687.5	0	0	0	ok
20240529004350	6332.5999999940395	0	6648.800000011921	1	0	1	ok
20240529004405	1039.2999999821186	0	11164.5	0	0	2	ok
20240529004424	6466.799999982119	1032.199999988079	0	1	0	0	ok
20240529004439	0	1066	1408.5	0	0	0	ok
20240529004448	1217.2000000178814	1357.9000000059605	0	0	0	0	ok
20240529004458	0	1750.3999999761581	1351.5999999940395	0	0	0	ok
20240529004507	1443.9000000059605	0	1021.7999999821186	0	0	0	ok
20240529004517	1736.2999999821186	1059.4000000059605	0	0	0	0	ok
20240529004526	1083.5	1412.0999999940395	0	0	0	0	ok
20240529004536	0	6029	1459.4000000059605	0	1	0	ok
20240529004550	6062.899999976158	1196	0	1	0	0	ok
20240529004605	1068.2000000178814	6763.9000000059605	0	0	1	0	ok
20240529004619	1665.800000011921	0	1720.800000011921	0	0	0	ok
20240529004629	1363.2000000178814	0	6092.4000000059605	0	0	1	ok
20240529004644	0	11218.199999988079	1681.5	0	2	0	ok
20240529004703	0	1695.800000011921	6327.699999988079	0	0	1	ok
20240529004718	1644.2000000178814	1411.699999988079	0	0	0	0	ok
20240529004727	6736.0999999940395	1383.7000000178814	0	1	0	0	ok
20240529004742	0	6017.0999999940395	1734.5	0	1	0	ok
20240529004756	11231.90000000596	1027.0999999940395	0	2	0	0	ok
20240529004816	6744.199999988079	1671.699999988079	0	1	0	0	ok
20240529004831	6801.5	6369.5999999940395	0	1	1	0	ok
20240529004845	0	6231.800000011921	6329.9000000059605	0	1	1	ok
20240529004900	11813.699999988079	0	11282.40000000596	2	0	2	ok
20240529004920	6290.800000011921	0	11125.700000017881	1	0	2	ok
20240529004939	0	6414.600000023842	1346.4000000059605	0	1	0	ok
20240529004954	0	6057.0999999940395	6152.0999999940395	0	1	1	ok
20240529005009	11779.799999982119	0	1339.5999999940395	3	0	0	ok
20240529005028	1101.4000000059605	11719	0	0	3	0	ok
20240529005048	0	11435.899999976158	6008.9000000059605	0	3	1	ok
20240529005108	1070.0999999940395	6535.9000000059605	0	0	1	0	ok
20240529005122	0	11508.40000000596	1044.199999988079	0	2	0	ok
20240529005142	6347.200000017881	6207.100000023842	0	1	1	0	ok
20240529005157	11249.899999976158	1082.7000000178814	0	2	0	0	ok
20240529005216	0	6015.4000000059605	1134.2000000178814	0	1	0	ok
20240529005231	1075.0999999940395	0	11394.90000000596	0	0	3	ok
20240529005251	6836.4000000059605	1653.199999988079	0	2	0	0	ok
20240529005305	11805.300000011921	0	993.6999999880791	2	0	0	ok
20240529005325	1792.800000011921	1038.3999999761581	0	0	0	0	ok
20240529005334	6482	0	6303.5	2	0	1	ok
20240529005349	0	1510.4000000059605	11568.5	0	0	2	ok
20240529005409	0	1023.3000000119209	11433.300000011921	0	0	3	ok
20240529005428	1060.7999999821186	6166.300000011921	0	0	1	0	ok
20240529005443	0	6759.5	1699	0	1	0	ok
20240529005457	0	6042.199999988079	6677.699999988079	0	1	1	ok
20240529005512	1504	0	1634.7999999821186	0	0	0	ok
20240529005521	1060.699999988079	6135.9000000059605	0	0	1	0	ok
20240529005536	6546.5	1070.5	0	2	0	0	ok
20240529005551	1685.800000011921	0	6152.199999988079	0	0	1	ok
20240529005605	6725.700000017881	0	1044.5999999940395	1	0	0	ok
20240529005620	1819.199999988079	0	1036.4000000059605	0	0	0	ok
20240529005629	6431.799999982119	1367	0	2	0	0	ok
20240529005644	1671.9000000059605	6729.199999988079	0	0	1	0	ok
20240529005658	1620.9000000059605	1487	0	0	0	0	ok
20240529005708	1291	1767.800000011921	0	0	0	0	ok
20240529005717	1617.5999999940395	1752.300000011921	0	0	0	0	ok
20240529005727	1524.800000011921	0	1660.9000000059605	0	0	0	ok
20240529005736	0	6187.4000000059605	6328	0	1	1	ok
20240529005751	0	6000.0999999940395	1383.300000011921	0	1	0	ok
20240529005806	2875.2000000178814	0	2971.300000011921	0	0	0	ok
20240529005818	1757.5999999940395	1037.5	0	0	0	0	ok
20240529005827	1347.2999999821186	0	1778.1000000238419	0	0	0	ok
20240529005837	1675.4000000059605	6162.699999988079	0	0	1	0	ok
20240529005851	0	1372	6112.600000023842	0	0	1	ok
20240529005906	1312.4000000059605	6493	0	0	1	0	ok
20240529005921	6514.5999999940395	0	6368.9000000059605	2	0	1	ok
20240529005935	7166	0	12269	1	0	2	ok
20240529005955	1507	0	1029.5999999940395	0	0	0	ok
20240529010005	2945	0	2121.300000011921	0	0	0	ok
20240529010017	0	1094.5999999940395	1461.4000000059605	0	0	0	ok
20240529010026	6806.699999988079	0	1300.4000000059605	1	0	0	ok
20240529010041	1767	1586.1000000238419	0	0	0	0	ok
20240529010050	0	1753.5999999940395	1325.5999999940395	0	0	0	ok
20240529010100	1727.9000000059605	0	1648.2000000178814	0	0	0	ok
20240529010109	1672.800000011921	0	1437.9000000059605	0	0	0	ok
20240529010119	6144.9000000059605	0	1000.0999999940395	1	0	0	ok
20240529010133	1494.4000000059605	0	1240.4000000059605	0	0	0	ok
20240529010143	11191.40000000596	0	5988.4000000059605	3	0	1	ok
20240529010203	1088.800000011921	0	6456	0	0	1	ok
20240529010217	1790.300000011921	1754.300000011921	0	0	0	0	ok
20240529010227	1599.5	11730.200000017881	0	0	2	0	ok
20240529010246	1522	1081.5	0	0	0	0	ok
20240529010256	0	1705.5	1703.5999999940395	0	0	0	ok
20240529010305	0	6058.4000000059605	6173.5999999940395	0	1	2	ok
20240529010320	11215.40000000596	0	1575.2999999821186	3	0	0	ok
20240529010340	0	6120.5999999940395	6631.199999988079	0	1	1	ok
20240529010354	1307.2000000178814	0	6770.5999999940395	0	0	1	ok
20240529010409	11430	6050.199999988079	0	2	1	0	ok
20240529010429	0	6702.5999999940395	998.4000000059605	0	1	0	ok
20240529010443	16194.40000000596	0	1327.699999988079	5	0	0	ok
20240529010508	0	6756.199999988079	1031.7000000178814	0	1	0	ok
20240529010523	0	11342.100000023842	6480.300000011921	0	2	2	ok
20240529010543	6414.0999999940395	0	1026.7999999821186	1	0	0	ok
20240529010557	6226	1687.7000000178814	0	1	0	0	ok
20240529010612	6817.5	1026.5	0	1	0	0	ok
20240529010626	6171.4000000059605	0	1012.6999999880791	1	0	0	ok
20240529010641	0	6752.800000011921	1317.7999999821186	0	1	0	ok
20240529010655	0	11844.699999988079	11006.799999982119	0	2	2	ok
20240529010715	1078.5	6510.5	0	0	2	0	ok
20240529010730	0	7835.5	7886	0	1	1	ok
20240529010747	2950.0999999940395	12682.800000011921	0	0	2	0	ok
20240529010809	0	3139	8230.799999982119	0	0	1	ok
20240529010826	6173.300000011921	0	1280.199999988079	1	0	0	ok
20240529010841	1727	1534.199999988079	0	0	0	0	ok
20240529010850	0	6425.199999988079	6047.0999999940395	0	1	1	ok
20240529010905	6481.5	0	6644.899999976158	1	0	1	ok
20240529010920	0	16497.40000000596	1052.5	0	4	0	ok
20240529010944	2674.300000011921	2731.5	0	0	0	0	ok
20240529010957	16519.30000001192	0	1033.2000000178814	3	0	0	ok
20240529011021	11216	0	6038.700000017881	2	0	1	ok
20240529011041	1343.5	1499.2000000178814	0	0	0	0	ok
20240529011050	11760.800000011921	0	1330.0999999940395	2	0	0	ok
20240529011110	6759.9000000059605	1376.800000011921	0	1	0	0	ok
20240529011125	11080.300000011921	6195.5	0	2	1	0	ok
20240529011144	1595.300000011921	0	1712.9000000059605	0	0	0	ok
20240529011154	1483.7999999821186	0	1277.0999999940395	0	0	0	ok
20240529011204	0	1030.699999988079	1402.2000000178814	0	0	0	ok
20240529011213	0	1255.0999999940395	1189.5999999940395	0	0	0	ok
20240529011223	1566.2999999821186	1616.7000000178814	0	0	0	0	ok
20240529011232	6379.4000000059605	0	6152.9000000059605	1	0	1	ok
20240529011247	1531	0	6014.800000011921	0	0	1	ok
20240529011302	0	12364.299999982119	2559.800000011921	0	2	0	ok
20240529011321	1102.800000011921	0	1749.699999988079	0	0	0	ok
20240529011331	6307	0	6724.5	1	0	1	ok
20240529011345	11215.199999988079	1053.7000000178814	0	2	0	0	ok
20240529011405	6183.5999999940395	1362.800000011921	0	1	0	0	ok
20240529011420	6489.700000017881	1371	0	1	0	0	ok
20240529011434	1512.4000000059605	6358.0999999940395	0	0	1	0	ok
20240529011449	0	21482.90000000596	10997.600000023842	0	4	2	ok
20240529011519	0	11124.699999988079	6303.200000017881	0	2	1	ok
20240529011538	6409.700000017881	0	6481.4000000059605	1	0	1	ok
20240529011553	1490.7999999821186	0	998.2999999821186	0	0	0	ok
20240529011603	6442.700000017881	0	6045.699999988079	1	0	1	ok
20240529011617	1827.6000000238419	0	5998.100000023842	0	0	1	ok
20240529011632	1686.9000000059605	0	6146.5	0	0	1	ok
20240529011646	0	1338.5	1183.199999988079	0	0	0	ok
20240529011656	1085.1000000238419	0	6370.4000000059605	0	0	1	ok
20240529011710	0	1060	1461.4000000059605	0	0	0	ok
20240529011720	1667.4000000059605	0	1426.199999988079	0	0	0	ok
20240529011729	1559.5	0	1278	0	0	0	ok
20240529011739	1027.300000011921	1773	0	0	0	0	ok
20240529011748	1220.5999999940395	1353.2999999821186	0	0	0	0	ok
20240529011758	0	1713.5999999940395	6564.5999999940395	0	0	1	ok
20240529011813	6662.4000000059605	16164.600000023842	0	1	3	0	ok
20240529011837	0	6082.9000000059605	11456.800000011921	0	1	4	ok
20240529011857	0	1045.7000000178814	6684.899999976158	0	0	2	ok
20240529011912	6232.9000000059605	1573.199999988079	0	1	0	0	ok
20240529011927	1361.300000011921	0	11424.40000000596	0	0	3	ok
20240529011946	1125.7000000178814	6489.200000017881	0	0	2	0	ok
20240529012001	11377.09999999404	0	6194.199999988079	2	0	1	ok
20240529012021	1796.9000000059605	1571.8999999761581	0	0	0	0	ok
20240529012030	1759	1059.2999999821186	0	0	0	0	ok
20240529012040	1610.4000000059605	6176.199999988079	0	0	1	0	ok
20240529012054	1846.699999988079	0	1050	0	0	0	ok
20240529012104	1608.2999999821186	1787.800000011921	0	0	0	0	ok
20240529012113	1838.7000000178814	1287.5999999940395	0	0	0	0	ok
20240529012123	2904.4000000059605	3118.300000011921	0	0	0	0	ok
20240529012135	11453.40000000596	0	1316.5	2	0	0	ok
20240529012155	6067.4000000059605	6115.5999999940395	0	1	1	0	ok
20240529012209	1363.5	6478.5	0	0	2	0	ok
20240529012224	21752	0	995	4	0	0	ok
20240529012254	6694.699999988079	11192.699999988079	0	1	2	0	ok
20240529012314	6101.9000000059605	6783.699999988079	0	1	1	0	ok
20240529012328	0	6824	1326.9000000059605	0	2	0	ok
20240529012343	1051.2999999821186	6705.5	0	0	1	0	ok
20240529012358	11190.699999988079	6303.700000017881	0	3	1	0	ok
20240529012417	6215.700000017881	1039.0999999940395	0	1	0	0	ok
20240529012432	1355.2000000178814	0	1405.0999999940395	0	0	0	ok
20240529012441	1107.0999999940395	11221.700000017881	0	0	2	0	ok
20240529012501	1439	6575.799999982119	0	0	1	0	ok
20240529012516	1823	0	1688.9000000059605	0	0	0	ok
20240529012525	1796.699999988079	0	1032.800000011921	0	0	0	ok
20240529012535	1732.5999999940395	0	1300.199999988079	0	0	0	ok
20240529012544	7371	0	2798.100000023842	1	0	0	ok
20240529012559	1216.5	1049	0	0	0	0	ok
20240529012609	1383.5999999940395	0	1487.800000011921	0	0	0	ok
20240529012618	1397.5999999940395	0	6471.5	0	0	2	ok
20240529012633	1361.5	1371.7999999821186	0	0	0	0	ok
20240529012642	6077.199999988079	6202.799999982119	0	1	1	0	ok
20240529012657	0	6385.4000000059605	6174.0999999940395	0	1	1	ok
20240529012712	1613.5	0	1163.5	0	0	0	ok
20240529012721	1660.7000000178814	1784.0999999940395	0	0	0	0	ok
20240529012731	1601.9000000059605	1811	0	0	0	0	ok
20240529012740	0	1478.8999999761581	1329.3999999761581	0	0	0	ok
20240529012750	0	7877	2373.4000000059605	0	1	0	ok
20240529012807	2486.5	0	2857	0	0	0	ok
20240529012819	1811.6000000238419	0	1318.7999999821186	0	0	0	ok
20240529012829	2209.0999999940395	2614.9000000059605	0	0	0	0	ok
20240529012841	0	1604.800000011921	1172.5999999940395	0	0	0	ok
20240529012850	0	6227.5	6079	0	1	1	ok
20240529012905	1069.7000000178814	6162.5999999940395	0	0	1	0	ok
20240529012919	11211.299999982119	1033.1000000238419	0	2	0	0	ok
20240529012939	6491.399999976158	1069.199999988079	0	1	0	0	ok
20240529012954	0	1733.5	6412.199999988079	0	0	1	ok
20240529013008	0	11484.59999999404	11021	0	2	2	ok
20240529013028	6492.5	6345.4000000059605	0	1	1	0	ok
20240529013043	6197.300000011921	0	1254.5999999940395	1	0	0	ok
20240529013057	1075.4000000059605	6159.5999999940395	0	0	1	0	ok
20240529013112	26666	1184.5999999940395	0	5	0	0	ok
20240529013147	1734	6060.600000023842	0	0	1	0	ok
20240529013201	0	1046.300000011921	6467.800000011921	0	0	1	ok
20240529013216	1519.9000000059605	1338.4000000059605	0	0	0	0	ok
20240529013225	1840.1000000238419	6338.5	0	0	1	0	ok
20240529013240	0	11611.199999988079	1167.9000000059605	0	2	0	ok
20240529013300	6193.299999982119	1053.0999999940395	0	1	0	0	ok
20240529013314	1654.5	1494	0	0	0	0	ok
20240529013324	1084.0999999940395	1508.3999999761581	0	0	0	0	ok
20240529013333	1644.699999988079	11746	0	0	2	0	ok
20240529013353	1092.0999999940395	0	11512.799999982119	0	0	3	ok
20240529013412	0	11212.300000011921	1035.4000000059605	0	4	0	ok
20240529013432	0	11132.299999982119	11195.199999988079	0	2	3	ok
20240529013452	6089.299999982119	11450	0	1	3	0	ok
20240529013512	1795.5999999940395	6016.300000011921	0	0	1	0	ok
20240529013526	0	10982.799999982119	6162.4000000059605	0	2	1	ok
20240529013546	0	1327.300000011921	1400.2999999821186	0	0	0	ok
20240529013556	0	1812.9000000059605	1311.0999999940395	0	0	0	ok
20240529013605	1801.699999988079	1047.800000011921	0	0	0	0	ok
20240529013615	1525.5	1680.199999988079	0	0	0	0	ok
20240529013624	1445.5	0	1360.9000000059605	0	0	0	ok
20240529013634	7633.799999982119	0	2665.300000011921	1	0	0	ok
20240529013651	6216.800000011921	1053.7999999821186	0	1	0	0	ok
20240529013705	1823.5	0	1017.4000000059605	0	0	0	ok
20240529013715	1895.300000011921	1659.5	0	0	0	0	ok
20240529013724	1857.7999999821186	0	1304.4000000059605	0	0	0	ok
20240529013734	1777	0	1049.2000000178814	0	0	0	ok
20240529013743	1621.1000000238419	1724.0999999940395	0	0	0	0	ok
20240529013753	0	6784.5999999940395	1047	0	2	0	ok
20240529013807	1623.5	1792.300000011921	0	0	0	0	ok
20240529013817	1489.5	1046.300000011921	0	0	0	0	ok
20240529013826	1074.4000000059605	0	11422.600000023842	0	0	4	ok
20240529013846	11187	0	1031.800000011921	3	0	0	ok
20240529013906	1658	11172.90000000596	0	0	2	0	ok
20240529013926	1058.9000000059605	1399.5	0	0	0	0	ok
20240529013935	2640.5	0	8014.200000017881	0	0	1	ok
20240529013952	6484.4000000059605	1037.4000000059605	0	1	0	0	ok
20240529014007	0	1083.1000000238419	1793.7999999821186	0	0	0	ok
20240529014016	6046	1811.5	0	1	0	0	ok
20240529014031	0	1494.4000000059605	6276.699999988079	0	0	1	ok
20240529014045	1503.199999988079	1599.699999988079	0	0	0	0	ok
20240529014055	0	6046.800000011921	1804.2000000178814	0	1	0	ok
20240529014109	6490.799999982119	0	6337.299999982119	1	0	1	ok
20240529014124	11841.09999999404	11581.399999976158	0	2	2	0	ok
20240529014144	1804.2000000178814	1637.5	0	0	0	0	ok
20240529014153	6669.0999999940395	0	16118.5	1	0	5	ok
20240529014218	6618.199999988079	1378.300000011921	0	1	0	0	ok
20240529014233	6520.299999982119	0	6023.899999976158	2	0	1	ok
20240529014247	21863.30000001192	0	1359.3999999761581	4	0	0	ok
20240529014317	0	1039.0999999940395	11188.800000011921	0	0	3	ok
20240529014337	0	26133.899999976158	1308.199999988079	0	6	0	ok
20240529014412	1524.199999988079	6020.0999999940395	0	0	1	0	ok
20240529014427	21176.69999998808	0	1014.5	5	0	0	ok
20240529014457	1085.5	6187.299999982119	0	0	1	0	ok
20240529014511	6208.100000023842	6375.899999976158	0	1	1	0	ok
20240529014526	0	1088.699999988079	6732.9000000059605	0	0	2	ok
20240529014541	6856.899999976158	0	1039.699999988079	1	0	0	ok
20240529014555	0	1298.300000011921	6126.699999988079	0	0	1	ok
20240529014610	16644.09999999404	6144.300000011921	0	3	1	0	ok
20240529014635	0	1318.699999988079	1663	0	0	0	ok
20240529014644	0	6280.200000017881	1765.2000000178814	0	1	0	ok
20240529014659	0	11405.5	1009.8999999761581	0	2	0	ok
20240529014718	0	6163.199999988079	6034.199999988079	0	1	1	ok
20240529014733	0	1645.699999988079	1172.4000000059605	0	0	0	ok
20240529014743	0	1692.2999999821186	11642.40000000596	0	0	2	ok
20240529014802	6447.800000011921	1362.4000000059605	0	1	0	0	ok
20240529014817	1535.4000000059605	1084.5999999940395	0	0	0	0	ok
20240529014826	0	1639.5999999940395	1683.4000000059605	0	0	0	ok
20240529014836	1693.4000000059605	0	1810.2000000178814	0	0	0	ok
20240529014845	1796.8999999761581	0	1014.5999999940395	0	0	0	ok
20240529014855	1103.7999999821186	1527.4000000059605	0	0	0	0	ok
20240529014904	0	2380.199999988079	7800.0999999940395	0	0	1	ok
20240529014921	0	1069.199999988079	1160.5	0	0	0	ok
20240529014931	1493	6040.800000011921	0	0	1	0	ok
20240529014946	0	1347	1769	0	0	0	ok
20240529014955	0	1367.800000011921	1461.2999999821186	0	0	0	ok
20240529015004	1469.4000000059605	0	6042.700000017881	0	0	1	ok
20240529015019	0	1524.699999988079	6018	0	0	1	ok
20240529015034	2635.399999976158	3017	0	0	0	0	ok
20240529015046	1793	0	1342.7999999821186	0	0	0	ok
20240529015055	12465.699999988079	2926.9000000059605	0	2	0	0	ok
20240529015115	1062.6000000238419	6174.9000000059605	0	0	1	0	ok
20240529015130	1792.1000000238419	1068.7999999821186	0	0	0	0	ok
20240529015139	1402.1000000238419	0	6441.800000011921	0	0	1	ok
20240529015154	6478	1357.9000000059605	0	1	0	0	ok
20240529015208	6323.699999988079	6467.5999999940395	0	1	1	0	ok
20240529015223	0	1510.699999988079	1012	0	0	0	ok
20240529015232	1507.5999999940395	1339.5999999940395	0	0	0	0	ok
20240529015242	1645.0999999940395	0	1411.4000000059605	0	0	0	ok
20240529015251	1088.699999988079	0	1164.699999988079	0	0	0	ok
20240529015301	0	1228	6280.299999982119	0	0	1	ok
20240529015315	1225.5999999940395	1051.5	0	0	0	0	ok
20240529015325	0	1100.9000000059605	6151.699999988079	0	0	1	ok
20240529015339	11186	0	1052.6000000238419	2	0	0	ok
20240529015359	11045.800000011921	1428.800000011921	0	2	0	0	ok
20240529015418	0	16500.09999999404	1036.5999999940395	0	5	0	ok
20240529015443	1060.800000011921	0	16126.59999999404	0	0	4	ok
20240529015508	0	1045.800000011921	1763.0999999940395	0	0	0	ok
20240529015517	1705.5999999940395	0	1815	0	0	0	ok
20240529015527	1113.4000000059605	0	6167.299999982119	0	0	2	ok
20240529015542	0	1362.0999999940395	6148.200000017881	0	0	1	ok
20240529015556	0	1087.0999999940395	6495.4000000059605	0	0	1	ok
20240529015611	6872.5999999940395	1085.0999999940395	0	2	0	0	ok
20240529015625	1064.800000011921	6817.4000000059605	0	0	2	0	ok
20240529015640	6391.700000017881	1793.300000011921	0	1	0	0	ok
20240529015654	6049.399999976158	0	11100.700000017881	1	0	2	ok
20240529015714	1597	6732.9000000059605	0	0	1	0	ok
20240529015729	0	6746.200000017881	1072.300000011921	0	1	0	ok
20240529015743	0	1267.5999999940395	1178.300000011921	0	0	0	ok
20240529015753	1815.2000000178814	1365.5	0	0	0	0	ok
20240529015802	1518.7999999821186	1072.9000000059605	0	0	0	0	ok
20240529015812	1383.9000000059605	1749.699999988079	0	0	0	0	ok
20240529015821	0	1639.5999999940395	6149.699999988079	0	0	1	ok
20240529015836	0	1081.4000000059605	11166.5	0	0	3	ok
20240529015855	1787	1069.9000000059605	0	0	0	0	ok
20240529015905	0	6074.5999999940395	6159.4000000059605	0	1	1	ok
20240529015919	0	1671.2000000178814	6439.600000023842	0	0	2	ok
20240529015934	0	6452.200000017881	1045.5	0	1	0	ok
20240529015949	1206.5	11025.699999988079	0	0	2	0	ok
20240529020008	2759.5	2865.2999999821186	0	0	0	0	ok
20240529020020	1549.9000000059605	1365.0999999940395	0	0	0	0	ok
20240529020030	0	6628.9000000059605	6157.4000000059605	0	1	1	ok
20240529020045	1466.9000000059605	10984.5	0	0	2	0	ok
20240529020104	0	6317.799999982119	11181.799999982119	0	1	3	ok
20240529020124	1551.699999988079	6351	0	0	1	0	ok
20240529020138	0	6756.9000000059605	6016.9000000059605	0	1	1	ok
20240529020153	1099.4000000059605	1500.9000000059605	0	0	0	0	ok
20240529020203	6333.299999982119	0	6182.700000017881	1	0	1	ok
20240529020217	6798.200000017881	0	1261.5999999940395	2	0	0	ok
20240529020232	6193.5999999940395	1065.699999988079	0	1	0	0	ok
20240529020247	1306.2000000178814	0	11137.300000011921	0	0	3	ok
20240529020306	1065.300000011921	11514.300000011921	0	0	2	0	ok
20240529020326	6055.800000011921	0	6446.700000017881	1	0	1	ok
20240529020341	1812.5	0	6350.0999999940395	0	0	1	ok
20240529020355	1624.0999999940395	0	6672.5999999940395	0	0	1	ok
20240529020410	2516.4000000059605	0	7106.100000023842	0	0	1	ok
20240529020425	0	6494.9000000059605	1043.2999999821186	0	1	0	ok
20240529020439	2716.399999976158	0	2770.399999976158	0	0	0	ok
20240529020451	11241.40000000596	6041.5	0	2	1	0	ok
20240529020511	1498.300000011921	1031.9000000059605	0	0	0	0	ok
20240529020520	3081.5	2905.7000000178814	0	0	0	0	ok
20240529020532	0	11055.40000000596	26158.09999999404	0	2	5	ok
20240529020607	0	1018	6182.699999988079	0	0	1	ok
20240529020622	1084.5999999940395	0	6440.5	0	0	1	ok
20240529020637	6357.299999982119	11169.40000000596	0	1	2	0	ok
20240529020656	11231.600000023842	1082.9000000059605	0	4	0	0	ok
20240529020716	6339.4000000059605	6411.200000017881	0	1	1	0	ok
20240529020731	6436.5	1046.9000000059605	0	2	0	0	ok
20240529020745	0	6423.799999982119	1019.8999999761581	0	1	0	ok
20240529020800	0	1522	1056.2999999821186	0	0	0	ok
20240529020809	1392.2000000178814	1441.199999988079	0	0	0	0	ok
20240529020819	1739.0999999940395	1044.4000000059605	0	0	0	0	ok
20240529020828	1516.7999999821186	1598.2000000178814	0	0	0	0	ok
20240529020838	1379.4000000059605	0	1723.9000000059605	0	0	0	ok
20240529020847	0	6522.700000017881	1031.2000000178814	0	2	0	ok
20240529020902	1534.2999999821186	6034.4000000059605	0	0	1	0	ok
20240529020917	1768.4000000059605	0	6339.399999976158	0	0	1	ok
20240529020931	0	6161.5	1236.2000000178814	0	1	0	ok
20240529020946	7318.5999999940395	0	2435.5	1	0	0	ok
20240529021000	0	1316.2000000178814	6766.9000000059605	0	0	2	ok
20240529021015	7735.800000011921	0	7761.0999999940395	1	0	1	ok
20240529021032	1299	6179.199999988079	0	0	1	0	ok
20240529021047	0	1487.5	11337.40000000596	0	0	2	ok
20240529021107	1406.9000000059605	0	21199.30000001192	0	0	4	ok
20240529021136	0	7909.0999999940395	7468.600000023842	0	1	1	ok
20240529021154	1695.5	1743.3999999761581	0	0	0	0	ok
20240529021203	0	11009.700000017881	6756.5	0	2	1	ok
20240529021223	1065.9000000059605	0	6152.5	0	0	1	ok
20240529021238	1434.4000000059605	0	6467.5	0	0	1	ok
20240529021252	0	1287.5999999940395	11101.300000011921	0	0	2	ok
20240529021312	0	6394.199999988079	1459	0	1	0	ok
20240529021326	6188.199999988079	5997.199999988079	0	1	1	0	ok
20240529021341	0	11041.09999999404	1474.300000011921	0	2	0	ok
20240529021401	6239.0999999940395	0	1272.5	1	0	0	ok
20240529021415	6074.0999999940395	6801.4000000059605	0	1	2	0	ok
20240529021430	1428.199999988079	6765.800000011921	0	0	2	0	ok
20240529021445	6489.700000017881	6567.5	0	1	1	0	ok
20240529021500	1485.199999988079	1578.9000000059605	0	0	0	0	ok
20240529021509	1803.300000011921	0	1302.5999999940395	0	0	0	ok
20240529021519	0	1320.5	6157.899999976158	0	0	1	ok
20240529021533	0	1768.5999999940395	1016.8000000119209	0	0	0	ok
20240529021543	11155.09999999404	1032.199999988079	0	2	0	0	ok
20240529021602	6205.300000011921	0	1331	1	0	0	ok
20240529021617	0	6782.200000017881	6026.799999982119	0	2	1	ok
20240529021632	1077.9000000059605	0	1198.5	0	0	0	ok
20240529021641	0	6188.700000017881	1391.8999999761581	0	1	0	ok
20240529021656	1564.7000000178814	1642.300000011921	0	0	0	0	ok
20240529021705	0	1187.8999999761581	1546.5999999940395	0	0	0	ok
20240529021715	1322.7999999821186	1773.5999999940395	0	0	0	0	ok
20240529021724	1064.199999988079	0	6093.0999999940395	0	0	1	ok
20240529021739	1309.6000000238419	6194.300000011921	0	0	1	0	ok
20240529021753	0	1338.4000000059605	11202.700000017881	0	0	4	ok
20240529021813	6205.9000000059605	0	1032.699999988079	1	0	0	ok
20240529021827	0	11197.699999988079	6272.300000011921	0	2	1	ok
20240529021847	0	6016.800000011921	6427.899999976158	0	1	1	ok
20240529021902	2322.100000023842	7757.5999999940395	0	0	2	0	ok
20240529021919	0	2949.5999999940395	2494.199999988079	0	0	0	ok
20240529021931	6325	1864.800000011921	0	1	0	0	ok
20240529021946	0	1263.699999988079	1062.5	0	0	0	ok
20240529021955	6452.700000017881	1310.2000000178814	0	1	0	0	ok
20240529022010	1537.4000000059605	0	1329.7999999821186	0	0	0	ok
20240529022020	1392.5999999940395	0	6745.9000000059605	0	0	1	ok
20240529022034	0	11715.5	16266.200000017881	0	2	3	ok
20240529022059	6633.300000011921	0	6822.5	1	0	2	ok
20240529022114	6646	16223.90000000596	0	1	3	0	ok
20240529022138	6537.4000000059605	16054.59999999404	0	1	3	0	ok
20240529022203	6050.9000000059605	16144	0	1	4	0	ok
20240529022228	0	1087.199999988079	6758.5	0	0	2	ok
20240529022243	0	6701.699999988079	1599	0	2	0	ok
20240529022257	1513.9000000059605	0	1014.5	0	0	0	ok
20240529022307	0	6737.4000000059605	1073.5999999940395	0	2	0	ok
20240529022321	1041.2999999821186	6426.9000000059605	0	0	1	0	ok
20240529022336	6065.799999982119	6805.700000017881	0	1	1	0	ok
20240529022351	6836.200000017881	6618.5999999940395	0	1	1	0	ok
20240529022405	1341	0	11153.300000011921	0	0	2	ok
20240529022425	1659.1000000238419	6516.9000000059605	0	0	2	0	ok
20240529022440	11485.800000011921	11059.09999999404	0	2	2	0	ok
20240529022459	0	1073.7999999821186	6475.0999999940395	0	0	2	ok
20240529022514	1345.7000000178814	0	1755.5999999940395	0	0	0	ok
20240529022523	6809.300000011921	0	1645.0999999940395	2	0	0	ok
20240529022538	1071.699999988079	1783.800000011921	0	0	0	0	ok
20240529022547	6104.800000011921	6802.5	0	1	2	0	ok
20240529022602	1100.7000000178814	0	6125.5999999940395	0	0	1	ok
20240529022617	1325.6000000238419	1708.0999999940395	0	0	0	0	ok
20240529022626	1202.2999999821186	1084.2000000178814	0	0	0	0	ok
20240529022636	0	6200	1024.0999999940395	0	1	0	ok
20240529022651	1071.800000011921	1764.9000000059605	0	0	0	0	ok
20240529022700	1404.699999988079	1505.300000011921	0	0	0	0	ok
20240529022710	1406.4000000059605	1829.2000000178814	0	0	0	0	ok
20240529022719	0	1798.199999988079	1575	0	0	0	ok
20240529022729	0	1277.800000011921	6474	0	0	1	ok
20240529022743	0	1389.4000000059605	6156.800000011921	0	0	1	ok
20240529022758	1077.800000011921	6705.700000017881	0	0	2	0	ok
20240529022812	2704.7999999821186	2893.399999976158	0	0	0	0	ok
20240529022824	1639.7000000178814	0	6501.199999988079	0	0	1	ok
20240529022839	0	11796.700000017881	995.0999999940395	0	2	0	ok
20240529022859	1092.699999988079	0	6139.4000000059605	0	0	1	ok
20240529022913	1087.4000000059605	6509.9000000059605	0	0	1	0	ok
20240529022928	0	6195.200000017881	1302.5999999940395	0	1	0	ok
20240529022942	1505.800000011921	1063.0999999940395	0	0	0	0	ok
20240529022952	0	1058.5	6158	0	0	1	ok
20240529023007	16199.59999999404	1013.2999999821186	0	3	0	0	ok
20240529023031	1674.5	0	11129.700000017881	0	0	2	ok
20240529023051	1400.9000000059605	1783.0999999940395	0	0	0	0	ok
20240529023100	6075.100000023842	6152.700000017881	0	1	1	0	ok
20240529023115	1342.5	1198.800000011921	0	0	0	0	ok
20240529023125	6084.0999999940395	0	1388.199999988079	1	0	0	ok
20240529023139	0	1386.7999999821186	11448	0	0	2	ok
20240529023159	1851.199999988079	6110.0999999940395	0	0	1	0	ok
20240529023213	1094.7000000178814	0	6738.199999988079	0	0	1	ok
20240529023228	1522.1000000238419	0	6283.5999999940395	0	0	1	ok
20240529023242	1509.2999999821186	0	1354.199999988079	0	0	0	ok
20240529023252	1731	0	6271.4000000059605	0	0	1	ok
20240529023306	11234	0	1588.2000000178814	2	0	0	ok
20240529023326	6547.700000017881	0	1377.9000000059605	2	0	0	ok
20240529023341	1090.5	0	11093.199999988079	0	0	2	ok
20240529023400	6415.199999988079	1721.800000011921	0	1	0	0	ok
20240529023415	0	1627.8999999761581	6138.9000000059605	0	0	1	ok
20240529023430	0	6373.899999976158	11169.299999982119	0	1	2	ok
20240529023449	0	1876.0999999940395	1500.6000000238419	0	0	0	ok
20240529023459	6850.299999982119	6346	0	2	1	0	ok
20240529023513	0	1819.699999988079	26011.59999999404	0	0	5	ok
20240529023548	0	6406	1240.7999999821186	0	1	0	ok
20240529023603	0	6425.399999976158	6550.300000011921	0	1	1	ok
20240529023618	11398.100000023842	11162.90000000596	0	2	2	0	ok
20240529023637	1084.2999999821186	0	6459.699999988079	0	0	2	ok
20240529023652	0	1042	1180	0	0	0	ok
20240529023701	6426.4000000059605	11135.200000017881	0	1	3	0	ok
20240529023721	16510.30000001192	1063.300000011921	0	3	0	0	ok
20240529023746	2874.4000000059605	0	2443.9000000059605	0	0	0	ok
20240529023758	1720.5999999940395	0	1752.5	0	0	0	ok
20240529023807	0	5995.5999999940395	1513.5	0	1	0	ok
20240529023822	0	6469.5999999940395	1337.2000000178814	0	1	0	ok
20240529023837	6185.5	0	1026.0999999940395	1	0	0	ok
20240529023851	6524.5999999940395	0	1382.0999999940395	2	0	0	ok
20240529023906	1377.9000000059605	0	1500.7000000178814	0	0	0	ok
20240529023915	6460.5	0	978	1	0	0	ok
20240529023930	6517.5999999940395	0	1069.199999988079	1	0	0	ok
20240529023945	6155.299999982119	0	6775.800000011921	1	0	2	ok
20240529023959	7403.100000023842	7218.300000011921	0	1	1	0	ok
20240529024014	0	6206.300000011921	1035.199999988079	0	1	0	ok
20240529024028	7397.5999999940395	2885.600000023842	0	1	0	0	ok
20240529024043	0	1357.0999999940395	1376.2999999821186	0	0	0	ok
20240529024053	0	1544	11033.299999982119	0	0	2	ok
20240529024112	1792.4000000059605	1019.5999999940395	0	0	0	0	ok
20240529024122	2484.300000011921	0	7463.5	0	0	1	ok
20240529024136	6444.5999999940395	6563.0999999940395	0	1	1	0	ok
20240529024151	2951.800000011921	7986.9000000059605	0	0	1	0	ok
20240529024208	1068	11737.90000000596	0	0	3	0	ok
20240529024228	0	1389.6000000238419	6476.5	0	0	2	ok
20240529024243	1121.7999999821186	1821.5	0	0	0	0	ok
20240529024252	6601	0	6776.299999982119	1	0	1	ok
20240529024307	0	1528.800000011921	1300.4000000059605	0	0	0	ok
20240529024316	1546.699999988079	1672.5999999940395	0	0	0	0	ok
20240529024326	6132.0999999940395	0	1263.0999999940395	1	0	0	ok
20240529024340	0	1509.8999999761581	1399.9000000059605	0	0	0	ok
20240529024350	6196	1746.0999999940395	0	1	0	0	ok
20240529024404	6203.699999988079	0	1000	1	0	0	ok
20240529024419	0	1327	1393.7000000178814	0	0	0	ok
20240529024428	0	2532.0999999940395	7641.100000023842	0	0	1	ok
20240529024446	1682.4000000059605	1781.5	0	0	0	0	ok
20240529024455	1433.9000000059605	0	1191.9000000059605	0	0	0	ok
20240529024505	1730.800000011921	0	1605.2000000178814	0	0	0	ok
20240529024514	6248	1320.300000011921	0	1	0	0	ok
20240529024529	0	6837.200000017881	6339.9000000059605	0	2	1	ok
20240529024543	1244.5	1384.7999999821186	0	0	0	0	ok
20240529024553	1831.2999999821186	6044.5999999940395	0	0	1	0	ok
20240529024607	1679.5999999940395	0	1764.5	0	0	0	ok
20240529024617	0	1368.4000000059605	11152.59999999404	0	0	2	ok
20240529024636	6408.399999976158	1212.5	0	1	0	0	ok
20240529024651	1093.4000000059605	0	6187.200000017881	0	0	2	ok
20240529024706	2635.9000000059605	3106.9000000059605	0	0	0	0	ok
20240529024718	1828.4000000059605	0	16041	0	0	3	ok
20240529024742	0	1717.199999988079	1594.699999988079	0	0	0	ok
20240529024752	0	1074.199999988079	6158.799999982119	0	0	2	ok
20240529024807	0	6720.800000011921	1553.2000000178814	0	1	0	ok
20240529024821	1399.5	1532.3999999761581	0	0	0	0	ok
20240529024831	0	11516.800000011921	6017.600000023842	0	2	1	ok
20240529024850	11016.699999988079	1773.9000000059605	0	2	0	0	ok
20240529024910	1524.800000011921	0	1326	0	0	0	ok
20240529024920	1805.800000011921	0	1001.1999999880791	0	0	0	ok
20240529024929	0	1277.800000011921	1369.699999988079	0	0	0	ok
20240529024939	0	6064.9000000059605	1487.800000011921	0	1	0	ok
20240529024953	1122.4000000059605	6172.800000011921	0	0	1	0	ok
20240529025008	1563.0999999940395	0	1315.4000000059605	0	0	0	ok
20240529025017	0	11180.199999988079	1634.9000000059605	0	2	0	ok
20240529025037	6500	1336.800000011921	0	2	0	0	ok
20240529025051	1133.9000000059605	6527.4000000059605	0	0	1	0	ok
20240529025106	1365.4000000059605	6678.300000011921	0	0	1	0	ok
20240529025121	0	11524.59999999404	1020.4000000059605	0	3	0	ok
20240529025140	1789.0999999940395	0	1278.5999999940395	0	0	0	ok
20240529025150	0	1840.300000011921	6042.600000023842	0	0	1	ok
20240529025205	1349.1000000238419	6171.699999988079	0	0	2	0	ok
20240529025219	6223.800000011921	0	949	1	0	0	ok
20240529025234	1092	11483.5	0	0	4	0	ok
20240529025253	11216.5	0	1577.7999999821186	2	0	0	ok
20240529025313	6259.5999999940395	0	1575	2	0	0	ok
20240529025328	0	11731.299999982119	1028.5	0	2	0	ok
20240529025348	11420.200000017881	1210	0	2	0	0	ok
20240529025407	7333.300000011921	0	2774.9000000059605	2	0	0	ok
20240529025422	11522.200000017881	11666.800000011921	0	2	2	0	ok
20240529025442	1676.5999999940395	16173.5	0	0	5	0	ok
20240529025506	1070.7999999821186	0	6185.800000011921	0	0	2	ok
20240529025521	0	11632.40000000596	1480.2999999821186	0	2	0	ok
20240529025541	1384	6455.0999999940395	0	0	1	0	ok
20240529025555	1670.2999999821186	0	6200.4000000059605	0	0	1	ok
20240529025610	1645.199999988079	6786.5	0	0	1	0	ok
20240529025625	0	1087.300000011921	6454	0	0	1	ok
20240529025639	0	1345.7999999821186	1472	0	0	0	ok
20240529025649	6215.9000000059605	6097.800000011921	0	1	1	0	ok
20240529025703	6212.300000011921	0	1011.5999999940395	1	0	0	ok
20240529025718	0	1686.0999999940395	1777.6000000238419	0	0	0	ok
20240529025728	1538	0	1035.8999999761581	0	0	0	ok
20240529025737	6216.5999999940395	0	1341.5	2	0	0	ok
20240529025752	0	6217.5	1564.300000011921	0	1	0	ok
20240529025807	1070.2000000178814	0	1730.0999999940395	0	0	0	ok
20240529025816	0	11188.300000011921	1040.199999988079	0	2	0	ok
20240529025836	0	16402	1264.199999988079	0	3	0	ok
20240529025901	16401.29999998212	1406.7000000178814	0	3	0	0	ok
20240529025925	6197.0999999940395	1097.199999988079	0	1	0	0	ok
20240529025940	6717.200000017881	0	1055	1	0	0	ok
20240529025954	6800.4000000059605	0	1074.7000000178814	2	0	0	ok
20240529030009	0	1488.300000011921	1675.3999999761581	0	0	0	ok
20240529030018	0	11356.100000023842	11429.59999999404	0	2	3	ok
20240529030038	0	1060.699999988079	6476.0999999940395	0	0	2	ok
20240529030053	11813.90000000596	1063.0999999940395	0	3	0	0	ok
20240529030113	0	6735.700000017881	10993.800000011921	0	2	2	ok
20240529030132	2595.2000000178814	0	7571.700000017881	0	0	1	ok
20240529030150	7393	12491.700000017881	0	1	3	0	ok
20240529030209	1362.9000000059605	0	6141.5	0	0	1	ok
20240529030224	1202.5999999940395	11274.800000011921	0	0	2	0	ok
20240529030244	1677.699999988079	0	1461.300000011921	0	0	0	ok
20240529030253	6060.199999988079	1778.8999999761581	0	1	0	0	ok
20240529030307	1575.7000000178814	0	6574.100000023842	0	0	1	ok
20240529030322	1559.7999999821186	1376.8999999761581	0	0	0	0	ok
20240529030331	1512.0999999940395	6656.299999982119	0	0	1	0	ok
20240529030346	1527.8999999761581	1311.8999999761581	0	0	0	0	ok
20240529030355	6831.700000017881	0	1284.9000000059605	1	0	0	ok
20240529030410	1568.199999988079	0	1351.5999999940395	0	0	0	ok
20240529030420	1223.199999988079	1365	0	0	0	0	ok
20240529030429	0	6205.0999999940395	1316.7999999821186	0	1	0	ok
20240529030444	1358.0999999940395	1466.300000011921	0	0	0	0	ok
20240529030453	1649.7000000178814	1742.0999999940395	0	0	0	0	ok
20240529030503	1201.199999988079	0	1052.0999999940395	0	0	0	ok
20240529030512	0	6515.0999999940395	1303.0999999940395	0	1	0	ok
20240529030527	2421	7542.5	0	0	1	0	ok
20240529030544	1100.7000000178814	0	1474.300000011921	0	0	0	ok
20240529030554	6535.300000011921	0	1368.5999999940395	1	0	0	ok
20240529030608	7627.0999999940395	0	7712.9000000059605	1	0	1	ok
20240529030625	6538.699999988079	1616.1000000238419	0	1	0	0	ok
20240529030640	6038.0999999940395	6212.0999999940395	0	1	1	0	ok
20240529030655	6071.899999976158	6242.4000000059605	0	1	1	0	ok
20240529030709	1078.5	1504.699999988079	0	0	0	0	ok
20240529030719	0	6198.5999999940395	1029.5	0	2	0	ok
20240529030733	6168.299999982119	0	5998.200000017881	1	0	1	ok
20240529030748	0	1069.9000000059605	6156.5	0	0	1	ok
20240529030803	0	6760.5	6033	0	1	1	ok
20240529030817	0	1730.9000000059605	1054.800000011921	0	0	0	ok
20240529030827	6556.600000023842	0	1546.4000000059605	1	0	0	ok
20240529030841	0	11184.199999988079	1044.300000011921	0	2	0	ok
20240529030901	1238.5999999940395	6580.299999982119	0	0	1	0	ok
20240529030916	1599.300000011921	0	1492.5999999940395	0	0	0	ok
20240529030925	5974.5999999940395	1750.7000000178814	0	1	0	0	ok
20240529030940	1370.699999988079	1775.5	0	0	0	0	ok
20240529030949	6107.9000000059605	1893.4000000059605	0	1	0	0	ok
20240529031004	6220.0999999940395	0	1687.5	1	0	0	ok
20240529031018	1106.5	0	11778.299999982119	0	0	3	ok
20240529031038	2219	0	12537.5	0	0	2	ok
20240529031100	0	1631.800000011921	6154	0	0	1	ok
20240529031115	16765.80000001192	0	16016.199999988079	3	0	3	ok
20240529031139	0	1327	11783.5	0	0	2	ok
20240529031159	2461.199999988079	0	7896.700000017881	0	0	2	ok
20240529031216	11199.699999988079	0	6599	2	0	1	ok
20240529031236	1549.699999988079	11342.5	0	0	2	0	ok
20240529031256	6462.799999982119	0	1007.0999999940395	1	0	0	ok
20240529031310	1437.8999999761581	6169.4000000059605	0	0	1	0	ok
20240529031325	6218.300000011921	1335	0	2	0	0	ok
20240529031340	0	11793.09999999404	970.9000000059605	0	2	0	ok
20240529031359	6801.200000017881	0	6045.5	2	0	1	ok
20240529031414	6488.800000011921	0	1619.5	1	0	0	ok
20240529031428	2199.9000000059605	0	22246.600000023842	0	0	5	ok
20240529031458	6823.0999999940395	1378.800000011921	0	1	0	0	ok
20240529031513	1127.5	0	11484.09999999404	0	0	2	ok
20240529031533	11106.299999982119	11192.800000011921	0	2	2	0	ok
20240529031552	11791.09999999404	0	6573.9000000059605	3	0	1	ok
20240529031612	11511.600000023842	0	6346.9000000059605	2	0	1	ok
20240529031632	1428.800000011921	0	6742.9000000059605	0	0	1	ok
20240529031646	1074.699999988079	1500.2000000178814	0	0	0	0	ok
20240529031656	11121.299999982119	11767.799999982119	0	2	3	0	ok
20240529031716	0	6204.699999988079	1042.5	0	1	0	ok
20240529031730	16771.40000000596	6347	0	3	1	0	ok
20240529031755	1500.5	0	11016	0	0	2	ok
20240529031815	1082.2000000178814	6759.4000000059605	0	0	2	0	ok
20240529031830	0	2946.5999999940395	2742.5999999940395	0	0	0	ok
20240529031842	1092.699999988079	6159.299999982119	0	0	2	0	ok
20240529031856	1129.5	0	1197.4000000059605	0	0	0	ok
20240529031906	6084.199999988079	1755.5	0	1	0	0	ok
20240529031920	1812.0999999940395	0	6037.9000000059605	0	0	1	ok
20240529031935	7181.5	0	12537.40000000596	1	0	2	ok
20240529031957	0	1353.0999999940395	6456.5999999940395	0	0	1	ok
20240529032012	1914	6021.9000000059605	0	0	1	0	ok
20240529032027	1081.1000000238419	11495.5	0	0	3	0	ok
20240529032046	6201.5	1073.199999988079	0	1	0	0	ok
20240529032101	6856.700000017881	1055.300000011921	0	1	0	0	ok
20240529032116	1788.800000011921	0	6030.0999999940395	0	0	1	ok
20240529032130	0	1331.1000000238419	1447.5	0	0	0	ok
20240529032140	0	1771.800000011921	1345.699999988079	0	0	0	ok
20240529032149	1315.0999999940395	0	1744.5	0	0	0	ok
20240529032159	11495.59999999404	0	5992.299999982119	2	0	1	ok
20240529032218	0	1067	21138.40000000596	0	0	4	ok
20240529032248	0	1301.199999988079	16162.59999999404	0	0	3	ok
20240529032313	0	6443.800000011921	6275.0999999940395	0	1	1	ok
20240529032327	1776.2000000178814	0	1091.699999988079	0	0	0	ok
20240529032337	0	1235.6000000238419	1279.4000000059605	0	0	0	ok
20240529032346	1098.4000000059605	0	1476.1000000238419	0	0	0	ok
20240529032356	0	1677.5	1472.2999999821186	0	0	0	ok
20240529032405	0	1483.5999999940395	1347.300000011921	0	0	0	ok
20240529032415	0	6150.700000017881	1006.7999999821186	0	1	0	ok
20240529032429	6666.5	1538.5	0	1	0	0	ok
20240529032444	1091	0	1468.4000000059605	0	0	0	ok
20240529032454	0	1320.5999999940395	1730.300000011921	0	0	0	ok
20240529032503	0	1310.300000011921	1479.2000000178814	0	0	0	ok
20240529032513	2720.0999999940395	0	2275.7999999821186	0	0	0	ok
20240529032525	1630.2000000178814	6736.5	0	0	1	0	ok
20240529032539	1721.2999999821186	0	6149.5	0	0	1	ok
20240529032554	0	2584.300000011921	2928.4000000059605	0	0	0	ok
20240529032606	0	1380.5	1420.5999999940395	0	0	0	ok
20240529032615	0	11472.59999999404	1349.7000000178814	0	3	0	ok
20240529032635	7288.5	0	2956.4000000059605	1	0	0	ok
20240529032650	6094	1446.300000011921	0	1	0	0	ok
20240529032704	2484.2000000178814	7601.199999988079	0	0	1	0	ok
20240529032721	1113	6755.299999982119	0	0	1	0	ok
20240529032736	6515.600000023842	0	1002	2	0	0	ok
20240529032751	0	11167.199999988079	11029.40000000596	0	2	2	ok
20240529032811	6440.9000000059605	0	1610.2999999821186	1	0	0	ok
20240529032825	0	6101	6464.0999999940395	0	1	2	ok
20240529032840	11774.399999976158	0	1324.5999999940395	4	0	0	ok
20240529032900	6205.300000011921	0	1630.5999999940395	1	0	0	ok
20240529032914	0	1646.800000011921	11466.299999982119	0	0	3	ok
20240529032934	0	12901.5	7331.5	0	4	1	ok
20240529032956	0	11227.199999988079	6662.300000011921	0	4	1	ok
20240529033016	0	6480.9000000059605	1050.0999999940395	0	1	0	ok
20240529033031	6424.399999976158	0	6416	1	0	1	ok
20240529033045	11477.40000000596	6051.0999999940395	0	2	1	0	ok
20240529033105	0	1697.2000000178814	6165.0999999940395	0	0	1	ok
20240529033119	0	1058.300000011921	6370.0999999940395	0	0	1	ok
20240529033134	11519.5	0	6064	2	0	1	ok
20240529033154	11205.100000023842	0	1004.5	3	0	0	ok
20240529033213	6092	6499.699999988079	0	1	1	0	ok
20240529033228	11763	0	1392.4000000059605	2	0	0	ok
20240529033248	6215.5	1688.699999988079	0	1	0	0	ok
20240529033302	11818.09999999404	0	1265.199999988079	2	0	0	ok
20240529033322	1843.5	0	1328.2999999821186	0	0	0	ok
20240529033331	1517	1322.800000011921	0	0	0	0	ok
20240529033341	1539.300000011921	1103.5999999940395	0	0	0	0	ok
20240529033350	1804.5999999940395	1018.8000000119209	0	0	0	0	ok
20240529033400	0	1064	1795.6000000238419	0	0	0	ok
20240529033409	1537.800000011921	1071.5999999940395	0	0	0	0	ok
20240529033419	0	1502.0999999940395	1306.9000000059605	0	0	0	ok
20240529033429	1439.5	1090.9000000059605	0	0	0	0	ok
20240529033438	0	6144.4000000059605	5993.300000011921	0	1	1	ok
20240529033453	0	1076.5	11240.40000000596	0	0	3	ok
20240529033512	1710.5	0	1748.4000000059605	0	0	0	ok
20240529033522	0	1645.2000000178814	6145	0	0	1	ok
20240529033536	1106	1817.2000000178814	0	0	0	0	ok
20240529033546	1111.0999999940395	1753.300000011921	0	0	0	0	ok
20240529033556	6679.5	1817.5999999940395	0	1	0	0	ok
20240529033610	6101	1810.4000000059605	0	1	0	0	ok
20240529033625	0	6703.200000017881	6019.300000011921	0	1	1	ok
20240529033639	7205.399999976158	0	2884	1	0	0	ok
20240529033654	0	6718.5999999940395	1061.7000000178814	0	1	0	ok
20240529033708	0	7916.600000023842	8095.4000000059605	0	1	1	ok
20240529033726	1117.199999988079	1485.2999999821186	0	0	0	0	ok
20240529033735	6231.0999999940395	0	1655	1	0	0	ok
20240529033750	2578.399999976158	8080.5999999940395	0	0	1	0	ok
20240529033807	1414.5	6210.699999988079	0	0	1	0	ok
20240529033821	1777.300000011921	1401.800000011921	0	0	0	0	ok
20240529033831	1376.800000011921	16201.699999988079	0	0	3	0	ok
20240529033856	0	11501.09999999404	1031.699999988079	0	3	0	ok
20240529033915	0	6338.199999988079	6451.899999976158	0	1	1	ok
20240529033930	0	11047.09999999404	6722.0999999940395	0	2	1	ok
20240529033950	1659.800000011921	6768.700000017881	0	0	1	0	ok
20240529034004	11475.90000000596	1765.4000000059605	0	3	0	0	ok
20240529034024	6233.300000011921	0	6006.199999988079	1	0	1	ok
20240529034039	11537.699999988079	1082.5999999940395	0	3	0	0	ok
20240529034059	6248.299999982119	0	6313.0999999940395	1	0	1	ok
20240529034113	0	6796.4000000059605	1015	0	2	0	ok
20240529034128	0	1074.2999999821186	1498.2000000178814	0	0	0	ok
20240529034137	1094.2999999821186	6805	0	0	2	0	ok
20240529034152	0	11307.200000017881	6145.799999982119	0	2	1	ok
20240529034212	0	6144.4000000059605	5958.5	0	1	1	ok
20240529034226	6560.5999999940395	0	6318	1	0	1	ok
20240529034241	0	6797.4000000059605	16308.299999982119	0	1	3	ok
20240529034306	0	6816.799999982119	6064.9000000059605	0	1	1	ok
20240529034321	0	1044	11442.299999982119	0	0	2	ok
20240529034340	1103.5	11718.700000017881	0	0	2	0	ok
20240529034400	6384.5	0	1467.8999999761581	1	0	0	ok
20240529034414	6480.9000000059605	6327.199999988079	0	1	1	0	ok
20240529034429	1405.5999999940395	1810.5	0	0	0	0	ok
20240529034439	1404	0	6759.799999982119	0	0	2	ok
20240529034453	1521.0999999940395	1363.699999988079	0	0	0	0	ok
20240529034503	1827.0999999940395	6088.299999982119	0	0	1	0	ok
20240529034517	1068.199999988079	0	1490.3999999761581	0	0	0	ok
20240529034527	2757.0999999940395	2842.9000000059605	0	0	0	0	ok
20240529034539	0	1077.5	1761.0999999940395	0	0	0	ok
20240529034549	0	2639	7564.5999999940395	0	0	1	ok
20240529034606	0	3197.2000000178814	2963.9000000059605	0	0	0	ok
20240529034618	1460.4000000059605	1309	0	0	0	0	ok
20240529034627	7778.600000023842	2962.5	0	1	0	0	ok
20240529034644	0	3077.5999999940395	2561.699999988079	0	0	0	ok
20240529034657	1420.5999999940395	6494	0	0	1	0	ok
20240529034711	1633.5	1505	0	0	0	0	ok
20240529034721	1411.2999999821186	6485.0999999940395	0	0	1	0	ok
20240529034735	1668.5999999940395	0	6494.9000000059605	0	0	1	ok
20240529034750	1114.800000011921	0	1805	0	0	0	ok
20240529034800	11348.199999988079	0	1435.5999999940395	2	0	0	ok
20240529034819	11236.5	0	1372.0999999940395	3	0	0	ok
20240529034839	1816.7999999821186	0	1579.6000000238419	0	0	0	ok
20240529034849	0	6062.5	6774.800000011921	0	1	1	ok
20240529034903	1387.5999999940395	6507.5999999940395	0	0	1	0	ok
20240529034918	7710.4000000059605	0	7784.200000017881	1	0	1	ok
20240529034935	1529.9000000059605	0	1649	0	0	0	ok
20240529034944	6606.9000000059605	6483.0999999940395	0	1	1	0	ok
20240529034959	2402.199999988079	0	8004.0999999940395	0	0	1	ok
20240529035016	1416.2000000178814	6752.699999988079	0	0	2	0	ok
20240529035031	1672.5	1450.5999999940395	0	0	0	0	ok
20240529035040	27437	7798.4000000059605	0	5	1	0	ok
20240529035115	0	1067.800000011921	6182.299999982119	0	0	1	ok
20240529035130	2303	0	17963.5	0	0	3	ok
20240529035157	1744.5999999940395	0	1027.7000000178814	0	0	0	ok
20240529035207	6182.9000000059605	6337	0	1	1	0	ok
20240529035222	6092.699999988079	0	6771.300000011921	1	0	1	ok
20240529035236	6385.4000000059605	6502.799999982119	0	1	2	0	ok
20240529035251	11737.199999988079	0	6748.800000011921	2	0	2	ok
20240529035311	6501.9000000059605	6682.600000023842	0	1	1	0	ok
20240529035325	6118.199999988079	6190	0	1	1	0	ok
20240529035340	0	1600.7999999821186	1670.300000011921	0	0	0	ok
20240529035349	6879.9000000059605	0	1257.5	2	0	0	ok
20240529035404	1653.7000000178814	0	11149.09999999404	0	0	4	ok
20240529035424	16212.699999988079	0	1057.199999988079	3	0	0	ok
20240529035448	0	6467	1058.5	0	1	0	ok
20240529035503	17778.09999999404	0	2628.2000000178814	3	0	0	ok
20240529035530	0	1477.800000011921	1244.9000000059605	0	0	0	ok
20240529035540	0	1295.8999999761581	1214.2000000178814	0	0	0	ok
20240529035550	1859.800000011921	11081.699999988079	0	0	2	0	ok
20240529035609	0	6485.0999999940395	6079.5	0	1	1	ok
20240529035624	1603.800000011921	1216.300000011921	0	0	0	0	ok
20240529035633	0	11600.300000011921	1454.5999999940395	0	2	0	ok
20240529035653	0	1762.199999988079	1057.0999999940395	0	0	0	ok
20240529035702	0	1793.4000000059605	1340.2999999821186	0	0	0	ok
20240529035712	0	1525.0999999940395	6313.300000011921	0	0	1	ok
20240529035726	0	1103.5	6427.199999988079	0	0	1	ok
20240529035741	1114.800000011921	0	1194.5999999940395	0	0	0	ok
20240529035750	6482.0999999940395	1390.300000011921	0	1	0	0	ok
20240529035805	1105.4000000059605	0	6679.699999988079	0	0	1	ok
20240529035820	0	1799.9000000059605	1054.5999999940395	0	0	0	ok
20240529035829	1048	1204.5	0	0	0	0	ok
20240529035839	0	1069.5	6167.200000017881	0	0	1	ok
20240529035853	1142.199999988079	1496.4000000059605	0	0	0	0	ok
20240529035903	1415.8999999761581	6234	0	0	2	0	ok
20240529035917	1109.7000000178814	0	6752.5999999940395	0	0	2	ok
20240529035932	1093.0999999940395	21213.20000001788	0	0	4	0	ok
20240529040002	11217.09999999404	0	1328.800000011921	2	0	0	ok
20240529040022	1094.5	0	6467.300000011921	0	0	1	ok
20240529040036	0	1826.800000011921	1039.7000000178814	0	0	0	ok
20240529040046	16460.79999998212	11369.199999988079	0	4	2	0	ok
20240529040111	0	6181.700000017881	6052.5999999940395	0	1	1	ok
20240529040125	1808.300000011921	0	1053.1000000238419	0	0	0	ok
20240529040135	1097.0999999940395	0	6793.800000011921	0	0	1	ok
20240529040149	1691.9000000059605	0	6780.5	0	0	1	ok
20240529040204	1106.9000000059605	0	1469.0999999940395	0	0	0	ok
20240529040214	0	6185.0999999940395	1642.3999999761581	0	1	0	ok
20240529040228	0	6172	1346.199999988079	0	1	0	ok
20240529040243	11734.199999988079	0	1619.8999999761581	2	0	0	ok
20240529040303	1756.800000011921	11081.199999988079	0	0	2	0	ok
20240529040322	6163.800000011921	0	6022.4000000059605	1	0	1	ok
20240529040337	0	6830.0999999940395	6085.200000017881	0	2	1	ok
20240529040352	0	6470.5	1058.0999999940395	0	1	0	ok
20240529040406	1408.7000000178814	0	6422.9000000059605	0	0	1	ok
20240529040421	1586.0999999940395	0	1496.4000000059605	0	0	0	ok
20240529040430	6244.0999999940395	6050.300000011921	0	1	1	0	ok
20240529040445	0	1062.300000011921	6174.5999999940395	0	0	1	ok
20240529040459	0	1020.2000000178814	1463	0	0	0	ok
20240529040509	0	11764.800000011921	1327.699999988079	0	3	0	ok
20240529040529	0	8041.9000000059605	2276.9000000059605	0	1	0	ok
20240529040546	1781.300000011921	0	1036.300000011921	0	0	0	ok
20240529040555	11339.699999988079	0	6206.600000023842	2	0	2	ok
20240529040615	6680.9000000059605	1561.5	0	1	0	0	ok
20240529040629	1779.8999999761581	1789.5	0	0	0	0	ok
20240529040639	1714.699999988079	0	1769.5	0	0	0	ok
20240529040649	0	11174.300000011921	1556.699999988079	0	3	0	ok
20240529040708	1122.9000000059605	6524.100000023842	0	0	1	0	ok
20240529040723	11189.200000017881	6074.200000017881	0	2	1	0	ok
20240529040743	11227.699999988079	0	16343.09999999404	2	0	3	ok
20240529040807	6325.5	6223.100000023842	0	1	2	0	ok
20240529040822	2775.9000000059605	2581.5999999940395	0	0	0	0	ok
20240529040834	0	1481.2000000178814	1053.7999999821186	0	0	0	ok
20240529040844	0	1434.3999999761581	1068.199999988079	0	0	0	ok
20240529040853	0	1116.5999999940395	6149	0	0	1	ok
20240529040908	0	1232.5	6353.5999999940395	0	0	1	ok
20240529040922	1113.4000000059605	0	1461.5999999940395	0	0	0	ok
20240529040932	0	11045.5	1764	0	2	0	ok
20240529040951	0	6511	1658.7000000178814	0	2	0	ok
20240529041006	0	6225	1355.800000011921	0	1	0	ok
20240529041021	0	1507.7000000178814	1296.2000000178814	0	0	0	ok
20240529041030	6081	0	11440.5	1	0	2	ok
20240529041050	6781.699999988079	0	1031.699999988079	2	0	0	ok
20240529041105	0	1074.7999999821186	1192.1000000238419	0	0	0	ok
20240529041114	0	6425.800000011921	6408.799999982119	0	1	1	ok
20240529041129	6214.5999999940395	0	1414.800000011921	1	0	0	ok
20240529041143	0	6489.699999988079	1031.4000000059605	0	1	0	ok
20240529041158	0	6398.0999999940395	1772	0	1	0	ok
20240529041213	1808.5	0	1691	0	0	0	ok
20240529041222	1448.5	0	1447.2999999821186	0	0	0	ok
20240529041232	1133.5	1819.5999999940395	0	0	0	0	ok
20240529041241	6241.0999999940395	1076.300000011921	0	1	0	0	ok
20240529041256	0	1297.300000011921	1202.7000000178814	0	0	0	ok
20240529041306	1788.300000011921	1783.800000011921	0	0	0	0	ok
20240529041315	1260.199999988079	0	1111.0999999940395	0	0	0	ok
20240529041324	0	1064.4000000059605	6409	0	0	1	ok
20240529041339	0	7809.5999999940395	2946.2000000178814	0	1	0	ok
20240529041356	16843.40000000596	0	1063.9000000059605	5	0	0	ok
20240529041421	0	1589.4000000059605	6203.299999982119	0	0	1	ok
20240529041436	11498.40000000596	6679.4000000059605	0	2	1	0	ok
20240529041455	1515.3999999761581	0	1555.8999999761581	0	0	0	ok
20240529041505	0	1065.800000011921	1720.800000011921	0	0	0	ok
20240529041514	11204.59999999404	6089.299999982119	0	2	1	0	ok
20240529041534	1836.0999999940395	1648.0999999940395	0	0	0	0	ok
20240529041544	0	11519.800000011921	1066.7000000178814	0	3	0	ok
20240529041603	1555.5999999940395	0	1049.300000011921	0	0	0	ok
20240529041613	6841.4000000059605	11087.100000023842	0	2	2	0	ok
20240529041633	7258.299999982119	0	7909.600000023842	1	0	1	ok
20240529041650	0	7697.899999976158	2536.4000000059605	0	2	0	ok
20240529041707	2645.0999999940395	0	7492.800000011921	0	0	1	ok
20240529041724	1833.5999999940395	0	1655.800000011921	0	0	0	ok
20240529041734	1385.2000000178814	0	1698.800000011921	0	0	0	ok
20240529041743	1772.8999999761581	0	1294.9000000059605	0	0	0	ok
20240529041753	0	1368.5999999940395	1456.2000000178814	0	0	0	ok
20240529041802	1715.699999988079	1458.199999988079	0	0	0	0	ok
20240529041812	0	1100.2999999821186	6409.899999976158	0	0	1	ok
20240529041826	0	11232.09999999404	6045.5999999940395	0	2	1	ok
20240529041846	0	1391.800000011921	6415.699999988079	0	0	1	ok
20240529041901	7183.799999982119	0	12227.09999999404	1	0	3	ok
20240529041920	0	6555.300000011921	1402.5999999940395	0	1	0	ok
20240529041935	0	1669.0999999940395	1791	0	0	0	ok
20240529041945	0	1087.8999999761581	11174	0	0	3	ok
20240529042004	6231	1329	0	1	0	0	ok
20240529042019	11193.90000000596	0	1284.300000011921	2	0	0	ok
20240529042039	1079.2000000178814	11691.09999999404	0	0	2	0	ok
20240529042058	0	1660.199999988079	6391.899999976158	0	0	1	ok
20240529042113	6788.5999999940395	0	1660.199999988079	1	0	0	ok
20240529042127	0	1121.4000000059605	1424.4000000059605	0	0	0	ok
20240529042137	6241.199999988079	6085.300000011921	0	1	1	0	ok
20240529042152	1075.0999999940395	0	11138.90000000596	0	0	2	ok
20240529042211	6533.100000023842	1390.6000000238419	0	1	0	0	ok
20240529042226	2925.199999988079	2211.5999999940395	0	0	0	0	ok
20240529042238	1825	6090.800000011921	0	0	1	0	ok
20240529042253	0	6790.299999982119	6613.4000000059605	0	1	1	ok
20240529042307	0	2336.5999999940395	7466.5999999940395	0	0	1	ok
20240529042324	11230.300000011921	0	6613.5	3	0	1	ok
20240529042344	6090.5999999940395	0	6166.9000000059605	1	0	1	ok
20240529042359	1108.9000000059605	11860.799999982119	0	0	3	0	ok
20240529042418	6685.0999999940395	0	1197.5	1	0	0	ok
20240529042433	0	6249.299999982119	1030.7000000178814	0	2	0	ok
20240529042448	6533.399999976158	0	1360.0999999940395	1	0	0	ok
20240529042503	0	11175.700000017881	6282.200000017881	0	2	1	ok
20240529042522	0	1621	6779	0	0	1	ok
20240529042537	0	6058.699999988079	11169.59999999404	0	1	3	ok
20240529042557	11847.300000011921	6088.799999982119	0	4	1	0	ok
20240529042617	7230.300000011921	0	7302.800000011921	1	0	1	ok
20240529042631	6570.600000023842	1414.9000000059605	0	1	0	0	ok
20240529042646	2614	0	13001.699999988079	0	0	3	ok
20240529042708	1358.4000000059605	11199.90000000596	0	0	3	0	ok
20240529042728	11636.40000000596	11539.59999999404	0	2	2	0	ok
20240529042748	0	11433.699999988079	6335.700000017881	0	2	1	ok
20240529042808	1861.9000000059605	1684.0999999940395	0	0	0	0	ok
20240529042817	1738.800000011921	1639.699999988079	0	0	0	0	ok
20240529042827	1801.4000000059605	0	1620.300000011921	0	0	0	ok
20240529042836	1542.5999999940395	0	1064.5	0	0	0	ok
20240529042846	6470.4000000059605	0	1021.9000000059605	1	0	0	ok
20240529042900	0	6205.9000000059605	6051.200000017881	0	1	1	ok
20240529042915	1571.7999999821186	1060.1000000238419	0	0	0	0	ok
20240529042924	6555.5	1395.5999999940395	0	1	0	0	ok
20240529042939	0	2952.5999999940395	3073.5999999940395	0	0	0	ok
20240529042951	1527.0999999940395	1700.800000011921	0	0	0	0	ok
20240529043001	0	7304	2736	0	1	0	ok
20240529043015	1848	1091.2000000178814	0	0	0	0	ok
20240529043025	0	1343.8999999761581	6428.699999988079	0	0	2	ok
20240529043039	1070.9000000059605	0	11811.699999988079	0	0	2	ok
20240529043059	0	6377.800000011921	11203.90000000596	0	1	2	ok
20240529043119	1083.7000000178814	1502.199999988079	0	0	0	0	ok
20240529043128	11472.90000000596	0	1045.5999999940395	2	0	0	ok
20240529043148	0	1329.800000011921	1452	0	0	0	ok
20240529043157	0	6039.199999988079	1479.2000000178814	0	1	0	ok
20240529043212	0	1062.699999988079	6703	0	0	1	ok
20240529043227	0	1771.7999999821186	1056.5	0	0	0	ok
20240529043236	1430.4000000059605	1542	0	0	0	0	ok
20240529043246	1257.5	1109	0	0	0	0	ok
20240529043255	0	1763.5999999940395	1266.699999988079	0	0	0	ok
20240529043305	1249.5	1096.9000000059605	0	0	0	0	ok
20240529043314	0	1743.5999999940395	11271	0	0	2	ok
20240529043334	0	1058.7000000178814	6777.199999988079	0	0	1	ok
20240529043348	1094.7999999821186	16516.80000001192	0	0	4	0	ok
20240529043413	0	11462.899999976158	1037.5999999940395	0	3	0	ok
20240529043433	1700	1466.199999988079	0	0	0	0	ok
20240529043442	1078.199999988079	0	1718.3999999761581	0	0	0	ok
20240529043452	0	1507.300000011921	994.5	0	0	0	ok
20240529043501	1518.699999988079	0	1822.7000000178814	0	0	0	ok
20240529043511	1531.7000000178814	1368.5999999940395	0	0	0	0	ok
20240529043520	0	1431.5	1330.2999999821186	0	0	0	ok
20240529043530	0	6746.300000011921	1044.5999999940395	0	1	0	ok
20240529043545	0	6763.0999999940395	1045.4000000059605	0	2	0	ok
20240529043559	11213.5	1089	0	3	0	0	ok
20240529043619	0	1519	1041.199999988079	0	0	0	ok
20240529043628	6486.4000000059605	0	11675	1	0	2	ok
20240529043648	0	11514.800000011921	16019.700000017881	0	2	3	ok
20240529043713	11213.899999976158	1033.699999988079	0	2	0	0	ok
20240529043733	6101.4000000059605	0	6446.800000011921	1	0	1	ok
20240529043747	0	6325	1682.0999999940395	0	1	0	ok
20240529043802	12948.300000011921	2195.5999999940395	0	2	0	0	ok
20240529043824	0	11213.90000000596	1354.699999988079	0	2	0	ok
20240529043844	1051.5999999940395	0	11139.5	0	0	2	ok
20240529043903	11789.800000011921	1377.2999999821186	0	2	0	0	ok
20240529043923	0	2968.399999976158	2728.5999999940395	0	0	0	ok
20240529043935	0	1707.800000011921	1178.2000000178814	0	0	0	ok
20240529043945	6162.800000011921	6266.199999988079	0	1	1	0	ok
20240529044000	0	6437.299999982119	6297	0	1	1	ok
20240529044014	0	1051.4000000059605	6470.5999999940395	0	0	2	ok
20240529044029	1114.5	0	1693	0	0	0	ok
20240529044038	11202.199999988079	1379.7999999821186	0	3	0	0	ok
20240529044058	1336.0999999940395	1777.800000011921	0	0	0	0	ok
20240529044108	0	1044	16173.800000011921	0	0	4	ok
20240529044132	7346.9000000059605	0	3051.800000011921	1	0	0	ok
20240529044147	0	1531.699999988079	1352.699999988079	0	0	0	ok
20240529044157	6709.5999999940395	6418.100000023842	0	1	1	0	ok
20240529044211	6082.9000000059605	0	11214.09999999404	1	0	2	ok
20240529044231	6255.700000017881	0	1359.4000000059605	1	0	0	ok
20240529044246	2877.4000000059605	7458.199999988079	0	0	1	0	ok
20240529044300	6568.5	0	1069.4000000059605	2	0	0	ok
20240529044315	7432.4000000059605	0	8028.9000000059605	1	0	2	ok
20240529044332	1257.9000000059605	1672	0	0	0	0	ok
20240529044342	0	1028.699999988079	1445.7000000178814	0	0	0	ok
20240529044351	6136.5999999940395	0	6474.0999999940395	1	0	2	ok
20240529044406	0	1350.800000011921	6171.4000000059605	0	0	1	ok
20240529044420	7418.5	0	7295	1	0	1	ok
20240529044435	1879	0	1058.300000011921	0	0	0	ok
20240529044445	1715.4000000059605	0	6488	0	0	2	ok
20240529044459	0	1524.5999999940395	1358.5999999940395	0	0	0	ok
20240529044509	1110.4000000059605	0	1823.0999999940395	0	0	0	ok
20240529044518	6087.5999999940395	0	1785.300000011921	1	0	0	ok
20240529044533	0	1485.9000000059605	1368.5	0	0	0	ok
20240529044542	0	16473.80000001192	1248.0999999940395	0	4	0	ok
20240529044607	0	1716	1424.4000000059605	0	0	0	ok
20240529044617	0	1712.3999999761581	1497.8999999761581	0	0	0	ok
20240529044626	1504.800000011921	1399	0	0	0	0	ok
20240529044636	0	1679.0999999940395	6144.9000000059605	0	0	1	ok
20240529044650	1589.800000011921	0	1288.7999999821186	0	0	0	ok
20240529044700	1458.0999999940395	0	6156.9000000059605	0	0	1	ok
20240529044714	1685.0999999940395	0	1750.5999999940395	0	0	0	ok
20240529044724	1812	1087	0	0	0	0	ok
20240529044733	1700.6000000238419	0	1789.5999999940395	0	0	0	ok
20240529044743	1524.800000011921	1070.5999999940395	0	0	0	0	ok
20240529044752	6271.899999976158	0	1028.9000000059605	2	0	0	ok
20240529044807	0	6656	6819.300000011921	0	1	1	ok
20240529044822	2914.5999999940395	7458.300000011921	0	0	1	0	ok
20240529044836	1512.199999988079	0	1071.199999988079	0	0	0	ok
20240529044846	6815.300000011921	1705	0	1	0	0	ok
20240529044900	1538.300000011921	1065.699999988079	0	0	0	0	ok
20240529044910	6232.5	1644.800000011921	0	2	0	0	ok
20240529044924	0	6455.5	6348.5	0	1	1	ok
20240529044939	0	2647.100000023842	12351.59999999404	0	0	2	ok
20240529044959	1328.699999988079	1808.5	0	0	0	0	ok
20240529045008	1788.8999999761581	0	1337.199999988079	0	0	0	ok
20240529045018	6249.0999999940395	0	1667.699999988079	1	0	0	ok
20240529045032	3122.7999999821186	0	2386.5	0	0	0	ok
20240529045044	1703	6454.199999988079	0	0	1	0	ok
20240529045059	0	12095.300000011921	1233.5999999940395	0	2	0	ok
20240529045119	0	6501.699999988079	1641.7999999821186	0	1	0	ok
20240529045133	6332.799999982119	0	11056.600000023842	1	0	2	ok
20240529045153	0	1054.199999988079	1445.5	0	0	0	ok
20240529045203